상품명,1,2,3,4,5,6,7,8,9,10,11,12,합계(분)
한일 대용량 스텐 분쇄믹서기,660,540,360,660,300,600,900,840,840,480,1000,840,8020
안동간고등어 20팩,720,300,600,540,540,300,720,900,240,380,600,520,6360
무이자 LG전자 매직스페이스 냉장고,360,420,600,420,360,180,600,960,660,600,480,540,6180
일시불 LG전자 매직스페이스 냉장고,360,420,600,420,360,180,600,960,660,600,480,540,6180
무이자 LG 울트라HD TV 65UK6800HNC,720,660,360,960,1080,480,780,540,360,0,0,0,5940
일시불 LG 울트라HD TV 65UK6800HNC,720,660,360,960,1080,480,780,540,360,0,0,0,5940
무이자 LG 울트라HD TV 55UK6800HNC,720,660,360,960,1080,480,780,540,0,0,0,0,5580
일시불 LG 울트라HD TV 55UK6800HNC,720,660,360,960,1080,480,780,540,0,0,0,0,5580
무이자 LG 통돌이 세탁기,840,840,480,540,420,360,600,540,360,420,120,0,5520
일시불 LG 통돌이 세탁기,840,840,480,540,420,360,600,540,360,420,120,0,5520
AAB의 소곱창전골 800g x 8팩,0,0,0,0,640,720,960,780,660,720,260,300,5040
무이자 LG 울트라HD TV 70UK7400KNA,600,0,180,960,1080,480,780,540,360,0,0,0,4980
일시불 LG 울트라HD TV 70UK7400KNA,600,0,180,960,1080,480,780,540,360,0,0,0,4980
에코라믹 통주물 스톤 냄비세트,660,840,960,900,420,480,300,60,0,0,0,0,4620
무이자 쿠쿠전기밥솥 10인용(CRP-QS107FG/FS),0,0,0,0,0,0,120,660,840,660,820,720,3820
무이자 쿠쿠전기밥솥 6인용(QS),0,0,0,0,0,0,120,660,840,660,820,720,3820
일시불  쿠쿠전기밥솥 6인용(QS),0,0,0,0,0,0,120,660,840,660,820,720,3820
일시불 쿠쿠전기밥솥 10인용 (QS),0,0,0,0,0,0,120,660,840,660,820,720,3820
(쿠)무이자 19년 신제품  쿠첸 풀스텐 압력밥솥 10인용(A1),0,0,240,240,540,540,540,240,360,480,360,0,3540
(쿠)무이자 쿠첸 압력밥솥 6인용 (A1),0,0,240,240,540,540,540,240,360,480,360,0,3540
(쿠)일시불 19년 신제품  쿠첸 풀스텐 압력밥솥 10인용(A1),0,0,240,240,540,540,540,240,360,480,360,0,3540
(쿠)일시불 쿠첸 압력밥솥 6인용 (A1),0,0,240,240,540,540,540,240,360,480,360,0,3540
무이자 올리고 가스와이드그릴레인지 프리미엄형,0,0,0,540,300,540,720,1080,360,0,0,0,3540
일시불 올리고 가스와이드그릴  프리미엄형,0,0,0,540,300,540,720,1080,360,0,0,0,3540
멋진밥상 흥양농협 쌀 20kg,0,300,320,740,340,400,660,660,0,0,0,0,3420
일시불 LG 울트라HD TV 75UK6200KNB,0,0,180,960,1080,480,540,0,0,0,0,0,3240
국내산 손질갑오징어 8팩,520,480,336,360,420,660,420,0,0,0,0,0,3196
무이자 LG 울트라HD TV 75UK6200KNB,0,0,180,960,1080,360,540,0,0,0,0,0,3120
비버리힐스폴로클럽 남성기초세트(골드+콜라겐),0,0,0,0,0,0,0,0,660,657,660,1060,3037
비버리힐스폴로클럽 남성기초세트(2018FW골드),1260,1260,456,0,0,0,0,0,0,0,0,0,2976
무이자 쿠쿠전기밥솥 10인용,120,780,840,840,360,0,0,0,0,0,0,0,2940
무이자 쿠쿠전기밥솥 6인용,120,780,840,840,360,0,0,0,0,0,0,0,2940
보루네오 루나 유로탑 멀티수납형 LED 침대 K 킹,0,660,540,660,540,540,0,0,0,0,0,0,2940
보루네오 루나 유로탑 멀티수납형 LED 침대 Q 퀸,0,660,540,660,540,540,0,0,0,0,0,0,2940
보루네오 루나 유로탑 멀티수납형 LED 침대 SS 슈퍼싱글,0,660,540,660,540,540,0,0,0,0,0,0,2940
일시불  쿠쿠전기밥솥 6인용,120,780,840,840,360,0,0,0,0,0,0,0,2940
임성근의 녹용도가니탕 풀세트,0,0,0,0,0,0,60,720,480,420,620,640,2940
일시불 쿠쿠전기밥솥 10인용,120,780,820,840,360,0,0,0,0,0,0,0,2920
참존 탑뉴스 지이링클 기초세트,0,0,0,0,0,0,180,420,360,360,680,820,2820
바로바로 무선청소기,0,240,960,600,360,60,60,0,0,0,0,0,2280
옛날 그 쥐포 110장 (11팩),120,340,420,75,93,33,308,180,36,277,189,177,2248
비버리힐스폴로클럽 남성기초세트(골드+플라),0,0,336,874,900,120,0,0,0,0,0,0,2230
(무)[보루네오] 피올레 천연소가죽 소파 3인용,0,0,0,0,300,360,240,360,420,300,180,60,2220
(무)[보루네오] 피올레 천연소가죽 소파 4인용,0,0,0,0,300,360,240,360,420,300,180,60,2220
(무)[보루네오] 피올레 천연소가죽 소파 6인용,0,0,0,0,300,360,240,360,420,300,180,60,2220
(일)[보루네오] 피올레 천연소가죽 소파 3인용,0,0,0,0,300,360,240,360,420,300,180,60,2220
(일)[보루네오] 피올레 천연소가죽 소파 4인용,0,0,0,0,300,360,240,360,420,300,180,60,2220
(일)[보루네오] 피올레 천연소가죽 소파 6인용,0,0,0,0,300,360,240,360,420,300,180,60,2220
키친플라워 대용량 디지털 에어프라이어 5L,840,660,120,470,0,0,60,0,0,0,0,0,2150
보루네오 루나시즌2 유로탑 멀티수납형 LED침대 슈퍼싱글,0,0,0,0,0,0,420,540,360,420,300,60,2100
보루네오 루나시즌2 유로탑 멀티수납형 LED침대 퀸,0,0,0,0,0,0,420,540,360,420,300,60,2100
보루네오 루나시즌2 유로탑 멀티수납형 LED침대 킹,0,0,0,0,0,0,420,540,360,420,300,60,2100
초특가  파뷔에 팬지 대형 후라이팬 세트,0,0,0,0,240,240,480,540,240,300,60,0,2100
유귀열의 귀한 갓김치3kg+총각김치3kg (총6kg),0,0,0,180,660,540,120,180,120,60,180,40,2080
청정수산 완도활전복 35미,360,240,100,0,0,120,475,480,120,120,60,0,2075
푸마 드라이셀 쉐이핑 레깅스 3종,0,172,600,115,0,0,0,0,60,240,380,417,1984
노비타 스마트 비데,780,720,360,120,0,0,0,0,0,0,0,0,1980
무이자 LG 휘센 씽큐 에어컨 2IN1형 FQ17V9KWA2,0,0,0,180,900,540,180,180,0,0,0,0,1980
무이자 LG 휘센 씽큐 에어컨 스탠드형FQ17V9KWA1,0,0,0,180,900,540,180,180,0,0,0,0,1980
무이자 삼성 노트북 9 메탈 고급형 NT900X5J-K28,420,840,660,0,60,0,0,0,0,0,0,0,1980
무이자 삼성 노트북 9 메탈 기본형 NT900X5J-K14,420,840,660,0,60,0,0,0,0,0,0,0,1980
일시불 LG 휘센 씽큐 에어컨 2IN1형 FQ17V9KWA2,0,0,0,180,900,540,180,180,0,0,0,0,1980
일시불 LG 휘센 씽큐 에어컨 스탠드형FQ17V9KWA1,0,0,0,180,900,540,180,180,0,0,0,0,1980
일시불 삼성 노트북 9 메탈 고급형 NT900X5J-K28,420,840,660,0,60,0,0,0,0,0,0,0,1980
일시불 삼성 노트북 9 메탈 기본형 NT900X5J-K14,420,840,660,0,60,0,0,0,0,0,0,0,1980
헤스티지 엘레나 라쿤양가죽 콤비 롱코트,420,600,0,0,0,0,0,0,0,0,420,417,1857
현대어찬 손질갈치,0,0,0,0,0,0,0,360,660,540,220,60,1840
오모떼 프런트후크 프레쉬 데오브라 시즌3,0,0,360,720,712,0,0,0,0,0,0,0,1792
무이자 종근당건강 락토핏 생유산균골드 단하루,0,0,60,180,180,180,180,180,180,180,200,240,1760
일시불 종근당건강 락토핏 생유산균골드 단하루,0,0,60,180,180,180,180,180,180,180,200,240,1760
헤스티지 그레이스 양가죽 코트,0,0,960,120,0,0,120,0,300,236,0,0,1736
무이자 선일금고 이볼브 시리즈 EV-020,0,60,300,351,60,53,177,175,120,120,60,240,1716
무이자 선일금고 이볼브 시리즈 EV-040,0,60,300,351,60,53,177,175,120,120,60,240,1716
일시불 선일금고 이볼브 시리즈 EV-020,0,60,300,351,60,53,177,175,120,120,60,240,1716
일시불 선일금고 이볼브 시리즈 EV-040,0,60,300,351,60,53,177,175,120,120,60,240,1716
보몽드 샐비어 시어서커 리플 침구세트 K,0,0,0,0,360,840,480,0,0,0,0,0,1680
보몽드 샐비어 시어서커 리플 침구세트 Q,0,0,0,0,360,840,480,0,0,0,0,0,1680
보몽드 샐비어 시어서커 리플 침구세트 SS,0,0,0,0,360,840,480,0,0,0,0,0,1680
정직한 농부의 석류,0,0,0,0,0,0,0,0,420,540,300,420,1680
[VONIN]보닌 남성기초세트,0,0,0,0,0,0,0,60,180,420,440,540,1640
아키 라이크라 노와이어 브라 컬렉션(뉴아키 23차),0,0,0,120,960,420,120,0,0,0,0,0,1620
에버라스트 드로즈 10+4종,0,0,0,0,813,60,0,30,392,300,0,0,1595
(무) 삼익가구 LED 제니비 서랍형 침대 K,0,300,540,480,240,0,0,0,0,0,0,0,1560
(무) 삼익가구 LED 제니비 서랍형 침대 Q,0,300,540,480,240,0,0,0,0,0,0,0,1560
(무) 삼익가구 LED 제니비 서랍형 침대 SS,0,300,540,480,240,0,0,0,0,0,0,0,1560
(일) 삼익가구 LED 제니비 서랍형 침대 K,0,300,540,480,240,0,0,0,0,0,0,0,1560
(일) 삼익가구 LED 제니비 서랍형 침대 Q,0,300,540,480,240,0,0,0,0,0,0,0,1560
(일) 삼익가구 LED 제니비 서랍형 침대 SS,0,300,540,480,240,0,0,0,0,0,0,0,1560
무이자  린나이 자동불꽃조절 가스레인지 2구,60,540,360,120,0,300,180,0,0,0,0,0,1560
무이자 린나이 자동불꽃조절 가스레인지 3구,60,540,360,120,0,300,180,0,0,0,0,0,1560
일시불  린나이 자동불꽃조절 가스레인지 2구,60,540,360,120,0,300,180,0,0,0,0,0,1560
일시불  린나이 자동불꽃조절 가스레인지 3구,60,540,360,120,0,300,180,0,0,0,0,0,1560
무이자 쿠첸 풀스텐 압력밥솥 10인용(A1),780,540,212,0,0,0,0,0,0,0,0,0,1532
무이자 쿠첸 풀스텐 압력밥솥 6인용(A1),780,540,212,0,0,0,0,0,0,0,0,0,1532
일시불 쿠첸 풀스텐 압력밥솥 6인용(A1),780,540,212,0,0,0,0,0,0,0,0,0,1532
영광 生 모시떡 100개!!(동부기피70개+검정깨30개),0,0,0,300,540,0,90,240,0,276,60,0,1506
NNF SS트레이닝 세트,0,0,660,660,180,0,0,0,0,0,0,0,1500
마르엘라로사티 휘메일 풀스킨 밍크 후드코트,0,0,0,0,360,300,600,240,0,0,0,0,1500
멋진밥상 흥양농협 햅쌀 20kg,800,120,0,0,0,0,0,0,0,180,320,80,1500
무이자 매직쉐프 10리터 듀얼쿡 에어프라이어,0,0,0,60,420,600,120,120,60,60,60,0,1500
비버리힐스폴로클럽 남성기초세트(플라센타아이크림+선크림),0,0,0,0,0,420,780,300,0,0,0,0,1500
일시불 매직쉐프 10리터 듀얼쿡 에어프라이어,0,0,0,60,420,600,120,120,60,60,60,0,1500
파뷔에 항균도마 1+1세트,0,0,0,780,660,60,0,0,0,0,0,0,1500
자연산 손질 통오징어 21미,0,420,180,60,40,180,540,60,0,0,0,0,1480
코이모 리빙박스 8종,120,120,240,220,240,0,0,0,120,60,280,53,1453
푸마 드라이셀 치마레깅스 3종,0,172,600,115,0,0,0,0,60,240,260,0,1447
넥센타이어 렌탈서비스,0,0,0,180,0,0,60,180,180,180,300,360,1440
무이자 LG 울트라HD TV 55UM7900BNA,0,0,0,0,0,0,0,0,540,420,480,0,1440
무이자 에지리 스텐큐브 프라이팬,0,0,300,180,420,540,0,0,0,0,0,0,1440
일시불 LG 울트라HD TV 55UM7900BNA,0,0,0,0,0,0,0,0,540,420,480,0,1440
일시불 에지리 스텐큐브 프라이팬,0,0,300,180,420,540,0,0,0,0,0,0,1440
푸마 DRY-CELL 와이드 풀컵 브라팬티 7세트(14종),0,0,0,0,240,900,295,0,0,0,0,0,1435
영광 生 모시떡 90개+찰보리식혜(동부기피70개+검정깨20개),0,0,0,300,540,0,90,240,0,216,0,0,1386
무이자  2019년 타이거 충전식 무선 예초기,0,0,0,0,0,0,300,1080,0,0,0,0,1380
무이자 2019년 타이거 충전식 무선 예초기+배터리 1개,0,0,0,0,0,0,300,1080,0,0,0,0,1380
일시불 2019년 타이거 충전식 무선 예초기,0,0,0,0,0,0,300,1080,0,0,0,0,1380
일시불 2019년 타이거 충전식 무선 예초기+배터리 1개,0,0,0,0,0,0,300,1080,0,0,0,0,1380
파격가 노비타 스마트 비데 무료설치,0,0,0,0,0,180,120,60,120,240,300,360,1380
하림뼈없는양념닭발세트,0,0,0,0,0,0,0,120,300,540,180,240,1380
푸마 코튼 언더탑 9종,0,0,0,54,0,0,120,0,240,180,120,660,1374
벨레즈온 브라캡 심리스 원피스 패키지,0,0,0,0,352,240,180,593,0,0,0,0,1365
깐깐송도순 포기김치 10kg,0,0,0,0,0,0,60,660,300,300,0,0,1320
깐깐송도순 포기김치 8kg+ 백김치 2kg,0,0,0,0,0,0,60,660,300,300,0,0,1320
푸마 INNO 심리스 롱드로즈 7종,180,532,540,60,0,0,0,0,0,0,0,0,1312
(싱글사이즈)일월 품안애 온수매트,0,0,0,0,0,0,0,0,60,0,240,960,1260
(퀸+싱글)일월 품안애 온수매트,0,0,0,0,0,0,0,0,60,0,240,960,1260
(퀸+퀸)일월 품안애 온수매트,0,0,0,0,0,0,0,0,60,0,240,960,1260
(퀸사이즈)일월 품안애 온수매트,0,0,0,0,0,0,0,0,60,0,240,960,1260
(킹사이즈)일월 품안애 온수매트,0,0,0,0,0,0,0,0,60,0,240,960,1260
K-SWISS 남성에어핏트랙수트,0,0,120,1080,60,0,0,0,0,0,0,0,1260
K-SWISS 여성에어핏트랙수트,0,0,120,1080,60,0,0,0,0,0,0,0,1260
뱅뱅 남성 썸머 데님팬츠 3종(2019 S/S),0,0,0,0,540,720,0,0,0,0,0,0,1260
뱅뱅 여성 썸머 데님팬츠 3종(2019 S/S),0,0,0,0,540,720,0,0,0,0,0,0,1260
일시불 쿠첸 풀스텐 압력밥솥 10인용 (A1),780,480,0,0,0,0,0,0,0,0,0,0,1260
칼리베이직 여성백 3종세트,0,420,840,0,0,0,0,0,0,0,0,0,1260
푸마 드라이셀 퓨징 브라세트 패키지,0,120,960,180,0,0,0,0,0,0,0,0,1260
헤스티지 마론 양가죽 남성집업재킷,0,0,960,120,0,0,180,0,0,0,0,0,1260
푸마 트렁크 블랙에디션 패키지,0,532,596,114,0,0,0,0,0,0,0,0,1242
무이자 클란츠 멀티쿡,0,0,0,0,0,0,0,0,0,0,560,660,1220
일시불 클란츠 멀티쿡,0,0,0,0,0,0,0,0,0,0,560,660,1220
고칼슘검은콩두유48팩+호두아몬드 두유48팩,0,0,0,0,0,0,0,60,540,60,259,300,1219
  뉴트리원 다이어트 구미,0,0,0,0,60,540,540,60,0,0,0,0,1200
(싱글+싱글)일월 품안애 온수매트,0,0,0,0,0,0,0,0,0,0,240,960,1200
무이자 매직쉐프 플랫타입 전자레인지,0,0,0,0,0,0,300,60,420,420,0,0,1200
우리바다 손질왕꼬막 24팩,420,540,240,0,0,0,0,0,0,0,0,0,1200
일시불 매직쉐프 플랫타입 전자레인지,0,0,0,0,0,0,300,60,420,420,0,0,1200
코치 시그니처 켈시 사첼백,0,0,0,0,0,0,240,120,360,240,180,60,1200
피시원 국내산 햇 손질문어 7팩,0,0,0,0,0,0,0,0,0,300,480,420,1200
레이프릴 오가닉 코튼 보정팬티 12종,0,0,0,0,0,0,0,355,0,156,320,360,1191
엘렌실라 에스까르고에센스 커버쿠션,0,0,0,0,0,0,300,60,287,353,120,60,1180
리복 델타 피트니스 트렁크 8종,0,0,60,120,0,60,455,180,300,0,0,0,1175
리복 스피드윅 런닝 6종,0,0,60,120,0,60,455,180,300,0,0,0,1175
[K-SWISS] 19 F/W 남성 패딩 트랙수트 2종,0,0,0,0,0,0,0,0,0,540,560,60,1160
[K-SWISS] 19 F/W 여성 패딩 트랙수트 2종,0,0,0,0,0,0,0,0,0,540,560,60,1160
닥터 슈퍼 루테인,0,60,420,60,0,180,180,60,120,0,0,60,1140
무이자 LG 울트라HD TV 75UK7400KNA,0,0,0,0,0,0,240,540,360,0,0,0,1140
일시불 LG 울트라HD TV 75UK7400KNA,0,0,0,0,0,0,240,540,360,0,0,0,1140
천수봉명인 선재 전통 메주세트,660,480,0,0,0,0,0,0,0,0,0,0,1140
칼리베이직 2019 패브릭 백 4종 (시즌 3),0,0,0,0,0,0,0,60,540,420,120,0,1140
프라다 테스토 크로스백,0,0,0,0,360,120,480,120,0,60,0,0,1140
피시원 국내산 손질 대구 8팩 * 매운탕 양념 8팩,540,480,60,0,0,0,0,0,0,0,0,60,1140
푸마 심리스 드로즈 블랙에디션 패키지,0,532,540,60,0,0,0,0,0,0,0,0,1132
영산포숙성 홍어8팩+무침3통,280,360,300,0,33,53,60,0,0,0,0,0,1086
사용불가미리구운 자연산 바다장어 9팩,0,0,0,0,180,420,155,330,0,0,0,0,1085
IH 옛 가마솥 세트,0,0,0,0,0,0,0,0,60,360,120,540,1080
LG전자 통돌이 세탁기 TR14WK1(화이트),0,0,0,0,0,0,0,0,0,0,360,720,1080
TCOM_현대해상 (무)하이콜운전자상해보험,0,0,0,0,60,0,60,240,300,0,0,420,1080
무이자 LG 울트라HD TV 65UM7900BNA,0,0,0,0,0,0,0,0,180,420,480,0,1080
무이자 LG 울트라HD TV 75UM7900BNA,0,0,0,0,0,0,0,0,180,420,480,0,1080
무이자 대우전자 벽걸이 에어컨 DOZ-S06JK,0,0,0,0,1020,60,0,0,0,0,0,0,1080
무이자 삼성 UHD TV UN55NU7050F,0,0,60,660,360,0,0,0,0,0,0,0,1080
무이자 삼성 UHD TV UN65NU7050F,0,0,60,660,360,0,0,0,0,0,0,0,1080
무이자 삼성 UHD TV UN75NU7050F,0,0,60,660,360,0,0,0,0,0,0,0,1080
무이자 캐리어 벽걸이에어컨 6형 ARC06NQT,0,0,0,0,120,600,360,0,0,0,0,0,1080
무이자 캐리어 벽걸이에어컨 7형 ARC07VBC,0,0,0,0,120,600,360,0,0,0,0,0,1080
아키 풀커버 라이크라 레이스 패키지(106차),0,0,660,420,0,0,0,0,0,0,0,0,1080
일시불 LG 울트라HD TV 65UM7900BNA,0,0,0,0,0,0,0,0,180,420,480,0,1080
일시불 LG 울트라HD TV 75UM7900BNA,0,0,0,0,0,0,0,0,180,420,480,0,1080
일시불 대우전자 벽걸이 에어컨 DOZ-S06JK,0,0,0,0,1020,60,0,0,0,0,0,0,1080
일시불 대우전자 벽걸이 에어컨TDOZ-S10JK,0,0,0,0,1020,60,0,0,0,0,0,0,1080
일시불 삼성 UHD TV UN55NU7050F,0,0,60,660,360,0,0,0,0,0,0,0,1080
일시불 삼성 UHD TV UN65NU7050F,0,0,60,660,360,0,0,0,0,0,0,0,1080
일시불 삼성 UHD TV UN75NU7050F,0,0,60,660,360,0,0,0,0,0,0,0,1080
일시불 캐리어 벽걸이에어컨 6형 ARC06NQT,0,0,0,0,120,600,360,0,0,0,0,0,1080
일시불 캐리어 벽걸이에어컨 7형 ARC07VBC,0,0,0,0,120,600,360,0,0,0,0,0,1080
프라다 더블지퍼 크로스백,0,0,0,0,0,0,480,120,300,120,60,0,1080
해피콜  IH 진공 스텐 냄비 에디션,120,240,180,360,0,0,0,60,120,0,0,0,1080
도스문도스 카이만 엠보 소가죽 핸드백 1종,416,660,0,0,0,0,0,0,0,0,0,0,1076
2019 S/S 엘리자베스아덴 선글라스 2종,0,0,260,420,213,180,0,0,0,0,0,0,1073
실크테라피 오리지널 에센스 패키지,0,0,0,0,0,0,0,60,360,236,160,240,1056
네오젠 에이지큐어 원미닛 링클 리프트,0,0,0,0,0,0,0,0,0,180,500,360,1040
국내산 손질 햇 갑오징어 9팩,0,0,0,0,0,0,0,0,0,0,660,374,1034
마리노블 밍크 롱코트,480,540,0,0,0,0,0,0,0,0,0,0,1020
무이자 대우전자 벽걸이 에어컨 TDOZ-S10JK,0,0,0,0,1020,0,0,0,0,0,0,0,1020
삭루츠 투 웨이 백팩(TQ55),0,0,420,480,120,0,0,0,0,0,0,0,1020
프라다 비텔로 피닉스 토트백,0,0,0,0,360,120,480,0,0,60,0,0,1020
리복 델타 피트니스 드로즈 12종,0,0,0,0,0,60,455,180,300,0,0,0,995
[가이거] 블랙 에디션 다이아몬드 워치(남성용),0,0,0,0,0,0,350,40,314,172,116,0,992
[가이거] 블랙 에디션 다이아몬드 워치(여성용),0,0,0,0,0,0,350,40,314,172,116,0,992
[루이띠에] 18K 베르니아  반지,0,0,0,0,0,0,0,480,240,120,60,60,960
[루이띠에] 18K 베르니아 귀걸이,0,0,0,0,0,0,0,480,240,120,60,60,960
[루이띠에] 18K 베르니아 목걸이,0,0,0,0,0,0,0,480,240,120,60,60,960
[루이띠에] 18K 베르니아 목걸이 팔찌 세트,0,0,0,0,0,0,0,480,240,120,60,60,960
[루이띠에] 18K 베르니아 주얼리 세트,0,0,0,0,0,0,0,480,240,120,60,60,960
[루이띠에] 18K 베르니아 팔찌,0,0,0,0,0,0,0,480,240,120,60,60,960
[루이띠에] 18K 베르니아 팔찌 반지 세트,0,0,0,0,0,0,0,480,240,120,60,60,960
궁중 손질새우 200미 + 동태포 400g,0,0,0,0,0,0,0,360,600,0,0,0,960
무이자 LG 울트라HD TV 70UK6800HNC,120,660,180,0,0,0,0,0,0,0,0,0,960
보코 폭스퍼구스다운 롱패딩,540,420,0,0,0,0,0,0,0,0,0,0,960
"삼성화재 천만안심 건강보험(암보험, 1907)",0,0,0,0,0,0,0,0,60,180,240,480,960
일시불 LG 울트라HD TV 70UK6800HNC,120,660,180,0,0,0,0,0,0,0,0,0,960
초특가)에버라스트 드로즈 10+4종,0,0,0,0,120,300,360,180,0,0,0,0,960
현대렌탈케어 정수기 렌탈,0,0,0,0,0,0,0,0,0,60,360,540,960
하늘내린 용대리황태10마리,0,0,0,0,0,0,0,240,635,0,0,60,935
헤드 파이로라이트 드로즈 10종 패키지,0,0,0,70,113,446,295,0,0,0,0,0,924
헤드 파이로라이트 트렁크 8종 패키지,0,0,0,70,113,446,295,0,0,0,0,0,924
NNF 와이드데님팬츠 2종,0,0,0,0,120,300,180,320,0,0,0,0,920
(점보특대형)일월 에너지세이브 카페트매트,0,0,0,0,0,0,0,0,0,660,240,0,900
(점보형)일월 에너지세이브 카페트매트,0,0,0,0,0,0,0,0,0,660,240,0,900
(중형)일월 에너지세이브 카페트매트,0,0,0,0,0,0,0,0,0,660,240,0,900
국내산 손질 통오징어 21미,0,0,0,0,0,0,0,0,120,420,120,240,900
락앤락 비스프리 온더테이블 밀폐용기세트,180,360,0,0,180,60,60,0,60,0,0,0,900
소들녘 소 갈비탕 10팩,0,0,0,0,0,120,300,420,60,0,0,0,900
실크트리 풍기인견 데일리 쿨 이지탑 패키지,0,0,0,600,300,0,0,0,0,0,0,0,900
아키 풀커버 라이크라 레이스 패키지(106차)(랜덤2세트추가),0,0,0,0,0,780,120,0,0,0,0,0,900
유귀열의 The 귀한 능이 누룽지삼계탕 8팩,0,0,0,0,0,60,660,180,0,0,0,0,900
카파 드로즈 패키지 12종,540,360,0,0,0,0,0,0,0,0,0,0,900
카파 런닝 패키지 9종,540,360,0,0,0,0,0,0,0,0,0,0,900
쿠미투니카 퍼펙트클린 레이스 브라팬티,0,120,660,120,0,0,0,0,0,0,0,0,900
크로커다일 풀커버 레이스 브라팬티 4세트,480,420,0,0,0,0,0,0,0,0,0,0,900
히트융 극세사 퍼융기모 남성 동내의 패키지,0,0,0,0,0,0,0,0,0,0,460,437,897
히트융 극세사 퍼융기모 여성 동내의 패키지,0,0,0,0,0,0,0,0,0,0,460,437,897
디비노 선글라스 세트,0,0,0,0,60,446,390,0,0,0,0,0,896
도스문도스 카이만 엠보 소가죽 체인 숄더백 1종,0,0,0,0,413,300,120,0,60,0,0,0,893
도스문도스 카이만 엠보 소가죽 토트백 1종,0,0,0,0,413,300,120,0,60,0,0,0,893
컬럼비아 옴니위크 드로즈 패키지 10종,180,584,127,0,0,0,0,0,0,0,0,0,891
컬럼비아 옴니위크 머슬 언더셔츠 6종,180,584,127,0,0,0,0,0,0,0,0,0,891
2019 S/S 로베르타 디 까메리노 선글라스,0,0,0,0,780,60,0,0,0,0,0,0,840
K-SWISS 남성PK티셔츠4종,0,0,0,120,480,240,0,0,0,0,0,0,840
K-SWISS 여성PK티셔츠4종,0,0,0,120,480,240,0,0,0,0,0,0,840
뱅뱅 남성 봄 데님팬츠 3종,0,0,480,360,0,0,0,0,0,0,0,0,840
뱅뱅 여성 봄 데님팬츠 3종,0,0,480,360,0,0,0,0,0,0,0,0,840
아키 조끼형 더블보정 란쥬 쉐이퍼(96차),0,660,120,60,0,0,0,0,0,0,0,0,840
코치 베네트 사첼백,0,0,0,0,0,0,240,120,360,120,0,0,840
피시원 국내산 햇 손질문어 8팩,0,0,0,0,0,0,0,120,600,120,0,0,840
더블유베일 캐시라이크 니트 4종,120,476,240,0,0,0,0,0,0,0,0,0,836
바바코코 젤네일스트립 SET,0,0,0,0,0,473,240,115,0,0,0,0,828
CERINI by PAT 남성 스프링 릴렉스 팬츠 3종,0,0,580,240,0,0,0,0,0,0,0,0,820
컬럼비아 옴니히트 롱드로즈 패키지 7종,180,584,56,0,0,0,0,0,0,0,0,0,820
(도냄)무이자 쿠쿠전기밥솥 10인용,780,0,0,0,0,0,0,0,0,0,0,0,780
(도냄)무이자 쿠쿠전기밥솥 6인용,780,0,0,0,0,0,0,0,0,0,0,0,780
(도냄)일시불  쿠쿠전기밥솥 6인용,780,0,0,0,0,0,0,0,0,0,0,0,780
(도냄)일시불 쿠쿠전기밥솥 10인용,780,0,0,0,0,0,0,0,0,0,0,0,780
(무)삼익가구 어블러 LED 멀티 수납형 침대 슈퍼싱글,0,0,0,0,0,180,240,60,180,120,0,0,780
(무)삼익가구 어블러 LED 멀티 수납형 침대 퀸,0,0,0,0,0,180,240,60,180,120,0,0,780
(무)삼익가구 어블러 LED 멀티 수납형 침대 킹,0,0,0,0,0,180,240,60,180,120,0,0,780
(일)삼익가구 어블러 LED 멀티 수납형 침대 슈퍼싱글,0,0,0,0,0,180,240,60,180,120,0,0,780
(일)삼익가구 어블러 LED 멀티 수납형 침대 퀸,0,0,0,0,0,180,240,60,180,120,0,0,780
(일)삼익가구 어블러 LED 멀티 수납형 침대 킹,0,0,0,0,0,180,240,60,180,120,0,0,780
구찌 더블G 오버 선글라스,0,0,0,0,0,0,0,0,300,60,60,360,780
국내산 손질갑오징어 9팩,0,0,240,0,0,0,240,300,0,0,0,0,780
무이자 19년 신제품  쿠첸 풀스텐 압력밥솥 10인용(A1),0,0,0,780,0,0,0,0,0,0,0,0,780
무이자 락앤락 유로오븐글라스 세트,0,240,120,0,0,60,180,120,60,0,0,0,780
무이자 쿠첸 압력밥솥 6인용 (A1),0,0,0,780,0,0,0,0,0,0,0,0,780
일시불 19년 신제품  쿠첸 풀스텐 압력밥솥 10인용(A1),0,0,0,780,0,0,0,0,0,0,0,0,780
일시불 락앤락 유로오븐글라스 세트,0,240,120,0,0,60,180,120,60,0,0,0,780
일시불 쿠첸 압력밥솥 6인용 (A1),0,0,0,780,0,0,0,0,0,0,0,0,780
코치 플라이트백,0,0,0,0,0,0,0,60,240,240,180,60,780
그렉노먼 남성 봄 컬렉션 티셔츠 5종,0,0,651,120,0,0,0,0,0,0,0,0,771
그렉노먼 여성 봄 컬렉션 티셔츠 5종,0,0,651,120,0,0,0,0,0,0,0,0,771
바다먹자 국내산 손질꽃게 7팩,400,180,180,0,0,0,0,0,0,0,0,0,760
임페리얼 여성 울 블렌딩 니트 3종,236,468,56,0,0,0,0,0,0,0,0,0,760
[라쉬반］FC바로셀로나 에디션 드로즈SET,0,0,0,0,0,465,180,60,54,0,0,0,759
제주바다 7분 손질문어,300,120,120,34,0,60,60,0,0,0,60,0,754
라쉬반 레알마드리드 에디션 드로즈 패키지(+캐리어),0,0,0,0,0,0,0,0,0,296,220,220,736
라쉬반 프레쉬 에어 에디션 드로즈 패키지(+캐리어),0,0,0,0,0,0,0,0,0,296,220,220,736
코몽트 덤블 플리스 자켓 2종,0,0,0,0,0,0,0,0,0,0,57,674,731
(직매입) 종근당건강 아이클리어 루테인,420,0,120,60,0,0,0,0,0,60,60,0,720
NNF SS트레이닝 세트(8월),0,0,0,0,0,0,0,540,180,0,0,0,720
세균싹 행주티슈,60,120,300,120,0,0,0,0,60,60,0,0,720
아가타 골든 마스터 2종 (펌프스1종+플랫슈즈1종),0,0,0,0,0,0,0,0,600,120,0,0,720
에코라믹 컬링스톤프라이팬세트,120,180,120,120,0,0,180,0,0,0,0,0,720
영광 生 모시떡 130개(동부기피80개+검정깨50개),0,0,0,0,0,0,0,420,300,0,0,0,720
오렐리안 풍기인견 란쥬패키지,0,0,0,300,240,180,0,0,0,0,0,0,720
오모떼 프런트후크 프레쉬 데오브라 시즌4,0,0,0,0,60,660,0,0,0,0,0,0,720
임페리얼 남성 스트레치팬츠 3종,0,0,0,0,0,0,0,0,240,300,180,0,720
임페리얼 여성 스트레치 팬츠 3종,0,0,0,0,0,0,0,0,240,300,180,0,720
크리스티나앤코 기모티셔츠세트,120,600,0,0,0,0,0,0,0,0,0,0,720
테팔 에어포스 라이트 무선 청소기,0,0,0,0,0,0,0,0,0,120,480,120,720
파뷔에 항균도마 1+1+칼세트,0,0,0,0,0,480,180,0,60,0,0,0,720
푸마 스트레치 심리스 드로즈 11종,0,0,0,0,0,0,0,0,0,0,60,660,720
푸마 시그니처 코튼 트렁크 9종,0,0,0,0,0,0,0,0,0,0,60,660,720
하늘내린 용대리황태10미,600,120,0,0,0,0,0,0,0,0,0,0,720
코몽트 남성 프린트티셔츠8종,0,0,0,0,0,0,180,535,0,0,0,0,715
USPA  남성 아동 반팔 폴로셔츠 3종,0,0,0,0,360,353,0,0,0,0,0,0,713
USPA  남성 폴로셔츠 위켄드 컬렉션 3종,0,0,0,0,360,353,0,0,0,0,0,0,713
USPA  여성 아동 반팔 폴로셔츠 3종,0,0,0,0,360,353,0,0,0,0,0,0,713
USPA  여성 폴로셔츠 위켄드 컬렉션 3종,0,0,0,0,360,353,0,0,0,0,0,0,713
김정문의 섬진강 재첩국 11팩 3.3kg,0,0,240,180,0,0,0,0,171,120,0,0,711
소들녘 소 갈비탕,520,180,0,0,0,0,0,0,0,0,0,0,700
NNF 쉬폰 썸머 앙상블세트,0,0,0,0,0,120,300,275,0,0,0,0,695
대동모피 19 F/W 폭스 베스트,0,0,0,0,0,0,120,60,180,0,180,140,680
무이자쿠첸압력밥솥 10인용,20,0,0,0,0,0,0,0,0,0,140,520,680
무이자쿠첸압력밥솥 6인용,20,0,0,0,0,0,0,0,0,0,140,520,680
일시불쿠첸압력밥솥 10인용,20,0,0,0,0,0,0,0,0,0,140,520,680
일시불쿠첸압력밥솥 6인용,20,0,0,0,0,0,0,0,0,0,140,520,680
무이자 린나이 간편쿡 자동불꽃조절 가스레인지 2구,660,0,0,0,0,0,0,0,0,0,0,0,660
무이자 린나이 간편쿡 자동불꽃조절 가스레인지 3구,660,0,0,0,0,0,0,0,0,0,0,0,660
무이자 메디컬드림 롤링마사지기 (KMD-970),0,0,0,60,360,120,0,0,60,60,0,0,660
무이자 삼성 UHD TV UN55NU7010FXKR,300,180,180,0,0,0,0,0,0,0,0,0,660
무이자 삼성 UHD TV UN65NU7010FXKR,300,180,180,0,0,0,0,0,0,0,0,0,660
무이자 삼성 UHD TV UN75NU7010FXKR,300,180,180,0,0,0,0,0,0,0,0,0,660
스튜디오럭스 밴딩팬츠 4종,0,0,0,0,0,0,0,0,0,120,420,120,660
스튜디오럭스 후드롱구스다운코트,0,0,0,0,0,0,0,0,0,180,480,0,660
스팀큐다리미,0,0,0,0,0,0,0,0,120,420,60,60,660
일시불 린나이 간편쿡 자동불꽃조절 가스레인지 2구,660,0,0,0,0,0,0,0,0,0,0,0,660
일시불 린나이 간편쿡 자동불꽃조절 가스레인지 3구,660,0,0,0,0,0,0,0,0,0,0,0,660
일시불 메디컬드림 롤링마사지기 (KMD-970),0,0,0,60,360,120,0,0,60,60,0,0,660
일시불 삼성 UHD TV UN55NU7010FXKR,300,180,180,0,0,0,0,0,0,0,0,0,660
일시불 삼성 UHD TV UN65NU7010FXKR,300,180,180,0,0,0,0,0,0,0,0,0,660
일시불 삼성 UHD TV UN75NU7010FXKR,300,180,180,0,0,0,0,0,0,0,0,0,660
트레스패스 남성 에어 워킹화 + 러닝화 2종,0,0,0,0,0,0,0,0,300,180,180,0,660
트레스패스 여성 에어 워킹화 + 러닝화 2종,0,0,0,0,0,0,0,0,300,180,180,0,660
쿠미투니카 라이크라 보정 레이스멀티팬티,0,0,176,250,0,233,0,0,0,0,0,0,659
삭루츠 더플백(여행가방)(TQ49),0,0,0,0,0,300,295,60,0,0,0,0,655
삭루츠 크로스바디백(TQ11),0,0,0,0,0,300,295,60,0,0,0,0,655
삭루츠 호보백(TQ48),0,0,0,0,0,300,295,60,0,0,0,0,655
푸마 드라이셀 브라탑 4종세트(런닝형)(8월),0,0,0,0,0,0,0,655,0,0,0,0,655
CERINI by PAT 남성 에어 카라티셔츠 4종,0,0,0,0,0,120,410,120,0,0,0,0,650
무이자[가이거] 콘체르토 다이아몬드 워치(주얼리3종),285,344,0,0,0,0,0,0,0,0,0,0,629
일시불[가이거] 콘체르토 다이아몬드 워치(주얼리3종),285,344,0,0,0,0,0,0,0,0,0,0,629
피시원 국내산 손질꽃게 7팩,0,0,0,260,360,0,0,0,0,0,0,0,620
DB통큰간편암플랜,0,0,0,0,0,0,300,60,0,0,180,60,600
LG 울트라HD TV 55UM7900BNA,0,0,0,0,0,0,0,0,0,0,120,480,600
LG 울트라HD TV 65UM7900BNA,0,0,0,0,0,0,0,0,0,0,120,480,600
LG 울트라HD TV 75UM7900BNA,0,0,0,0,0,0,0,0,0,0,120,480,600
LG 휘센 에어컨 위너 FQ17V9WWA1(스탠드),0,0,300,300,0,0,0,0,0,0,0,0,600
[안드레아바나]리얼카이만 악어 바디 숄더백,0,0,0,120,480,0,0,0,0,0,0,0,600
[안드레아바나]리얼카이만 악어 테일 숄더백,0,0,0,120,480,0,0,0,0,0,0,0,600
가)세렌셉템버 다이아 체크 리빙박스+압축팩,0,180,360,60,0,0,0,0,0,0,0,0,600
궁중 손질새우 200미 + 동태포 200g,600,0,0,0,0,0,0,0,0,0,0,0,600
대동모피 패션밍크 후드 롱코트 (19FW),0,0,0,0,0,0,0,0,240,0,0,360,600
라라츄 틴트 아이브로우 바,0,0,0,0,0,0,0,120,120,240,120,0,600
레이프릴 풍기인견 복부 쉐이핑 거들팬티 10종,0,0,0,0,180,300,120,0,0,0,0,0,600
롯데렌터카,0,0,0,120,0,0,0,180,0,180,120,0,600
마르엘라로사티 썸머 레이스 블라우스 3종,0,0,0,0,300,300,0,0,0,0,0,0,600
무농약레드비트즙 90봉,0,0,0,0,0,0,0,0,120,180,120,180,600
무이자 LG 휘센 에어컨 위너 FQ17V8WWJ1(스탠드),0,0,300,300,0,0,0,0,0,0,0,0,600
무이자 LG 휘센 에어컨 위너 FQ17V8WWJ2(2in1),0,0,300,300,0,0,0,0,0,0,0,0,600
보몽드 엘사 자수 쿨 시어서커 침구세트 K,0,0,0,0,0,120,480,0,0,0,0,0,600
보몽드 엘사 자수 쿨 시어서커 침구세트 Q,0,0,0,0,0,120,480,0,0,0,0,0,600
보몽드 엘사 자수 쿨 시어서커 침구세트 SK(슈퍼킹),0,0,0,0,0,120,480,0,0,0,0,0,600
보몽드 엘사 자수 쿨 시어서커 침구세트 SS,0,0,0,0,0,120,480,0,0,0,0,0,600
에펨 남성 소가죽 체인지 샌들,0,0,0,0,60,300,240,0,0,0,0,0,600
에펨 여성 글로스 샌들,0,0,0,0,60,300,240,0,0,0,0,0,600
영산포숙성홍어회7팩,0,0,0,0,0,0,0,0,0,0,0,600,600
일시불 LG 휘센 에어컨 위너 FQ17V8WWJ2(2in1),0,0,300,300,0,0,0,0,0,0,0,0,600
천연담아 명품다시팩 100포,360,120,0,0,0,0,0,0,0,0,120,0,600
카파 발란스테크 브라팬티 12세트,360,240,0,0,0,0,0,0,0,0,0,0,600
키친아트 스텐밀폐용기 세트,0,120,0,60,60,60,180,60,0,0,60,0,600
킹스스파 편백 반신욕기,0,0,0,0,0,0,0,0,240,240,116,0,596
도스문도스 카이만 엠보 소가죽 핸드백 1종(역시즌),0,0,0,0,0,0,300,295,0,0,0,0,595
스텔라테일러 컴포트 스트레치 팬츠 3종,0,0,0,300,115,120,60,0,0,0,0,0,595
임페리얼 남성 울 블렌딩 니트 3종,236,356,0,0,0,0,0,0,0,0,0,0,592
푸마 언더셔츠 7종 패키지(1-1차),0,0,0,0,53,360,175,0,0,0,0,0,588
무이자 1+1 국내제조 노비타 뉴스파 비데  무료설치,0,0,0,0,0,0,0,0,0,180,120,280,580
무이자 국내제조 노비타 뉴스파 비데  무료설치,0,0,0,0,0,0,0,0,0,180,120,280,580
일시불 1+1 국내제조 노비타 뉴스파 비데  무료설치,0,0,0,0,0,0,0,0,0,180,120,280,580
일시불 국내제조 노비타 뉴스파 비데 무료설치,0,0,0,0,0,0,0,0,0,180,120,280,580
(더블+더블)일월 순면 온열매트,0,0,0,0,0,0,0,0,0,420,120,0,540
(더블+싱글)일월 순면 온열매트,0,0,0,0,0,0,0,0,0,420,120,0,540
(더블사이즈)일월 순면 온열매트,0,0,0,0,0,0,0,0,0,420,120,0,540
(싱글사이즈)일월 순면 온열매트,0,0,0,0,0,0,0,0,0,420,120,0,540
CERINI by PAT 남성 어반 카라 티셔츠 4종(8월),0,0,0,0,0,0,0,60,360,120,0,0,540
라라쎄 쉬폰 롤업재킷 2종 세트,0,0,0,0,120,240,180,0,0,0,0,0,540
로베르타 디 까메리노 Y밸런스업 지퍼쉐이핑 란쥬,0,0,240,300,0,0,0,0,0,0,0,0,540
로베르타 디 까메리노 올레이스 지퍼브라팬티,480,60,0,0,0,0,0,0,0,0,0,0,540
로베르타 디 까메리노 트리플커버 지퍼쉐이핑 란쥬,480,60,0,0,0,0,0,0,0,0,0,0,540
마르엘라로사티 나파 휘메일 풀스킨 밍크하프코트 1종,0,0,0,0,0,120,240,120,0,60,0,0,540
메시제이 퀼팅코트+퍼베스트,180,360,0,0,0,0,0,0,0,0,0,0,540
무이자 삼성 무풍슬림 스탠드  에어컨  AF16R5773WSK,0,0,240,60,180,60,0,0,0,0,0,0,540
무이자 삼성 무풍슬림 홈멀티  에어컨  AF16R5773WSR,0,0,240,60,180,60,0,0,0,0,0,0,540
무이자 쿠쿠 블랙스톤 전기밥솥 10인용,0,0,0,0,60,240,240,0,0,0,0,0,540
무이자 쿠쿠 블랙스톤 전기밥솥 6인용,0,0,0,0,60,240,240,0,0,0,0,0,540
뱅뱅 남성 아웃도어 팬츠3종(2019 S/S),0,0,0,420,120,0,0,0,0,0,0,0,540
뱅뱅 여성 아웃도어 팬츠3종(2019 S/S),0,0,0,420,120,0,0,0,0,0,0,0,540
뷰티플렉스 풍기인견 브라탑패키지,0,0,0,300,240,0,0,0,0,0,0,0,540
삭루츠 크로스바디백(TQ12),0,0,0,420,120,0,0,0,0,0,0,0,540
삭루츠 토트백(TQ35),0,0,0,420,120,0,0,0,0,0,0,0,540
엘렌실라 달팽이크림(콜라겐5+팩트3),240,240,60,0,0,0,0,0,0,0,0,0,540
오가닉뷰티 쿨 번아웃 레이스 란쥬세트,0,0,0,0,0,60,300,180,0,0,0,0,540
오모떼 360도 텐션업 레이스 패키지 시즌4,540,0,0,0,0,0,0,0,0,0,0,0,540
오모떼 데오 쿨 란쥬쉐이퍼 8종,0,0,0,0,0,240,300,0,0,0,0,0,540
오모떼 프런트후크 데오브라 시즌2,540,0,0,0,0,0,0,0,0,0,0,0,540
"유귀열의 The 귀한 갓김치3kg+열무김치3kg, 총6kg",0,0,0,0,0,0,420,120,0,0,0,0,540
일시불 삼성 무풍슬림 스탠드  에어컨  AF16R5773WSK,0,0,240,60,180,60,0,0,0,0,0,0,540
일시불 삼성 무풍슬림 홈멀티  에어컨  AF16R5773WSR,0,0,240,60,180,60,0,0,0,0,0,0,540
일시불 쿠쿠 블랙스톤 전기밥솥 10인용,0,0,0,0,60,240,240,0,0,0,0,0,540
일시불 쿠쿠 블랙스톤 전기밥솥 6인용,0,0,0,0,60,240,240,0,0,0,0,0,540
참바다손질낙지100미+양념장+연포탕육수,0,0,0,0,0,0,0,60,240,120,120,0,540
프라다 듀엣 선글라스,0,0,0,0,0,0,480,0,0,60,0,0,540
프라다 비텔로 피닉스 모터백,0,0,0,0,0,0,0,120,300,60,60,0,540
프라다 자카드 카메라 크로스백,0,0,0,0,0,0,480,0,0,60,0,0,540
프라다 자카드 토트 숄더백,0,0,0,0,0,0,480,0,0,60,0,0,540
프라다 탑핸들 토트 숄더백,0,0,0,0,0,0,480,0,0,60,0,0,540
프라다 테스토 지퍼 토트백,0,0,0,0,0,0,0,120,300,60,60,0,540
프라다 테스토 탑핸들 토트 숄더백,0,0,0,0,0,0,480,0,0,60,0,0,540
헤드 파이로라이트 드로즈 10종 패키지(7월),0,0,0,0,0,0,60,420,60,0,0,0,540
헤드 파이로라이트 트렁크 8종 패키지(7월),0,0,0,0,0,0,60,420,60,0,0,0,540
헤비추얼 남성 썸머 쿨라이프 데님 3종,0,0,0,0,480,60,0,0,0,0,0,0,540
헤비추얼 남성 트렌치 맥코트,0,0,480,60,0,0,0,0,0,0,0,0,540
헤비추얼 여성 썸머 쿨라이프 데님 3종,0,0,0,0,480,60,0,0,0,0,0,0,540
헤비추얼 여성 트렌치 맥코트,0,0,480,60,0,0,0,0,0,0,0,0,540
푸마 웜셀 퍼치마레깅스 3종,0,0,0,0,0,0,0,0,0,0,120,417,537
쿠미투니카 롱 하이웨스트 팬티세트,0,0,0,0,0,0,0,0,0,536,0,0,536
레이프릴 무빙 맥시풀커버 브라팬티(리뉴얼),240,240,55,0,0,0,0,0,0,0,0,0,535
레코바 남성 다이얼워킹화세트,0,0,0,300,0,0,0,175,60,0,0,0,535
레코바 여성 다이얼워킹화세트,0,0,0,300,0,0,0,175,60,0,0,0,535
젠트웰 스트레치 통풍 메쉬 자켓 1종,0,0,0,0,233,120,180,0,0,0,0,0,533
레이프릴 골드라벨 무빙 란쥬,0,468,60,0,0,0,0,0,0,0,0,0,528
(1등급)221L_딤채김치냉장고,0,0,0,0,0,0,0,0,0,0,520,0,520
크리스티나앤코 가디건세트,0,0,240,0,0,0,0,0,280,0,0,0,520
통째로 착즙한 루비 석류즙 84포,0,320,180,20,0,0,0,0,0,0,0,0,520
몬테밀라노 웜기모 치마레깅스 4종,0,0,0,0,0,0,0,0,0,0,497,0,497
(무)장수 클래식 흙카우치,0,0,0,0,0,0,0,0,0,0,60,420,480
(무)장수흙침대 싱글,0,0,0,0,0,0,0,0,0,0,60,420,480
(무)장수흙침대 퀸,0,0,0,0,0,0,0,0,0,0,60,420,480
(일)장수 클래식 흙카우치,0,0,0,0,0,0,0,0,0,0,60,420,480
(일)장수흙침대 싱글,0,0,0,0,0,0,0,0,0,0,60,420,480
(일)장수흙침대 퀸,0,0,0,0,0,0,0,0,0,0,60,420,480
AAD 소가죽 투웨이 샌들,0,0,0,0,0,0,300,180,0,0,0,0,480
[RYN] 린 남성 다이얼락 히트 웜 퍼 방한화 2종,0,0,0,0,0,0,0,0,0,0,240,240,480
[RYN] 린 여성 다이얼락 히트 웜 퍼 방한화 2종,0,0,0,0,0,0,0,0,0,0,240,240,480
[루이띠에] 18k 그레이스 골드 귀걸이,0,0,0,0,0,0,0,0,240,240,0,0,480
[루이띠에] 18k 그레이스 골드 목걸이,0,0,0,0,0,0,0,0,240,240,0,0,480
[루이띠에] 18k 그레이스 골드 목걸이팔찌 세트,0,0,0,0,0,0,0,0,240,240,0,0,480
[루이띠에] 18k 그레이스 골드 반지,0,0,0,0,0,0,0,0,240,240,0,0,480
[루이띠에] 18k 그레이스 골드 주얼리 세트,0,0,0,0,0,0,0,0,240,240,0,0,480
[루이띠에] 18k 그레이스 골드 팔찌,0,0,0,0,0,0,0,0,240,240,0,0,480
[루이띠에] 18k 그레이스 골드 팔찌반지 세트,0,0,0,0,0,0,0,0,240,240,0,0,480
[안드레아바나]리얼카이만 악어 토트백,0,0,0,0,480,0,0,0,0,0,0,0,480
마르엘라로사티 휘메일 풀스킨 하이넥 밍크코트 1종,0,0,0,0,0,0,0,360,120,0,0,0,480
무이자 아이넥스 프리미엄 올스텐 싱크선반,0,60,240,180,0,0,0,0,0,0,0,0,480
무이자 프로피쿡 에어프라이어,0,360,120,0,0,0,0,0,0,0,0,0,480
보코 리버시블 무스탕,360,120,0,0,0,0,0,0,0,0,0,0,480
보코 배색 사파리재킷,0,0,0,240,0,0,0,0,120,120,0,0,480
보코 에스닉 앙상블,0,0,0,0,300,120,60,0,0,0,0,0,480
삭루츠 버켓 백(TQ18),0,0,420,60,0,0,0,0,0,0,0,0,480
삭루츠 크로스바디 백(TQ12),0,0,420,60,0,0,0,0,0,0,0,0,480
아가타 썸머 샌들세트,0,0,0,0,240,180,60,0,0,0,0,0,480
오모떼 미라클쉐이핑 브라팬티 시즌2,0,120,360,0,0,0,0,0,0,0,0,0,480
월드컵 남성 러닝화+슬리퍼,0,0,0,0,0,480,0,0,0,0,0,0,480
월드컵 남성러닝화+트레킹화,0,0,0,240,240,0,0,0,0,0,0,0,480
월드컵 여성 러닝화+슬리퍼,0,0,0,0,0,480,0,0,0,0,0,0,480
월드컵 여성러닝화+트레킹화,0,0,0,240,240,0,0,0,0,0,0,0,480
웰릭스렌탈 음식물처리기,0,0,0,0,60,60,60,180,120,0,0,0,480
유귀열의 The 귀한 한우 한판 12팩,0,0,0,0,0,0,0,120,0,240,120,0,480
일시불 아이넥스 프리미엄 올스텐 싱크선반,0,60,240,180,0,0,0,0,0,0,0,0,480
일시불 프로피쿡 에어프라이어,0,360,120,0,0,0,0,0,0,0,0,0,480
참좋은여행 상해(191011) 상담예약,0,0,0,0,0,0,0,0,240,240,0,0,480
컬럼비아 남성 베이스레이어 5종,0,0,60,420,0,0,0,0,0,0,0,0,480
컬럼비아 남성 옴니히트 업 베이스레이어 4종,0,0,0,0,0,0,0,0,0,360,120,0,480
컬럼비아 여성 베이스레이어 5종,0,0,60,420,0,0,0,0,0,0,0,0,480
컬럼비아 여성 옴니히트 업 베이스레이어 4종,0,0,0,0,0,0,0,0,0,360,120,0,480
코치 뉴 베네트 크로스백,0,0,0,0,0,0,0,0,0,120,180,180,480
크리스티나앤코 이지웨어세트,0,0,0,0,0,0,0,0,0,300,60,120,480
푸마 DRY-DELL 기능성 티셔츠형 브라탑 패키지,0,0,0,0,0,0,0,0,0,480,0,0,480
프라다 미란다백,0,0,0,0,0,0,0,60,300,60,60,0,480
프라다 비텔로 피닉스 보스턴,0,0,0,0,0,0,0,60,300,60,60,0,480
프라다 사피아노 스퀘어백,0,0,0,0,0,0,0,60,300,60,60,0,480
프라다 자카드 토트백,0,0,0,0,360,120,0,0,0,0,0,0,480
프라다 테스토 레터링 버킷백,0,0,0,0,360,120,0,0,0,0,0,0,480
프라다 투웨이백,0,0,0,0,360,120,0,0,0,0,0,0,480
마리노블 밍크 퍼 베스트,0,420,56,0,0,0,0,0,0,0,0,0,476
CERINI by PAT 남성 여름 에어윈디 릴렉스 팬츠 3종,0,0,0,0,240,180,0,55,0,0,0,0,475
알렉스하운드 썸머 기능성 멀티웨어 6종,0,0,0,0,0,120,355,0,0,0,0,0,475
쿠미투니카 코르셋 하이웨스트 팬티세트,0,0,0,0,0,0,240,115,120,0,0,0,475
레이프릴 퍼펙트 핏 란쥬패키지,0,0,0,0,60,240,0,55,119,0,0,0,474
무이자[가이거] 제니스시계 주얼리세트,354,56,56,0,0,0,0,0,0,0,0,0,466
일시불[가이거] 제니스시계 주얼리세트,354,56,56,0,0,0,0,0,0,0,0,0,466
아리스토우 남성기모티셔츠5종,409,56,0,0,0,0,0,0,0,0,0,0,465
란체티 남성 융기모 히팅 동내의 패키지,0,0,0,0,0,0,0,0,0,0,340,117,457
란체티 여성 융기모 히팅 동내의 패키지,0,0,0,0,0,0,0,0,0,0,340,117,457
닥터 프리바이오틱스 플러스,0,0,0,0,0,166,175,0,55,56,0,0,452
19 SS USPA  남성 화이트라벨 폴로셔츠 3종,0,0,0,420,0,0,0,0,0,0,0,0,420
19 SS USPA  여성 화이트라벨 폴로셔츠 3종,0,0,0,420,0,0,0,0,0,0,0,0,420
2019 S/S 기라로쉬 올인원 선글라스,0,0,0,0,420,0,0,0,0,0,0,0,420
CERINI by PAT 남성 소프트 기모 릴렉스팬츠,420,0,0,0,0,0,0,0,0,0,0,0,420
김정배 명인 젓갈세트 8통,0,0,0,0,0,0,0,0,60,240,60,60,420
몬테밀라노 크루즈 이지웨어 패키지,0,0,0,0,0,0,240,180,0,0,0,0,420
무이자  얼리젼 밀레 푸쉬풀 도어락,0,0,0,0,0,0,0,0,240,180,0,0,420
무이자 썸덱스 트로이카 여행가방 10종세트,0,0,0,0,0,180,240,0,0,0,0,0,420
무이자 해피콜 크로커다일 IH후라이팬,0,0,60,240,0,0,0,0,120,0,0,0,420
바로바로 무선청소기+필터 1개 추가,0,0,0,0,0,0,0,60,120,0,0,240,420
발렌티노루디 헤링본 리빙박스 6종,0,0,0,0,0,0,0,0,0,420,0,0,420
시스마르스 플렉시블 웨지 펌프스,0,0,0,0,0,0,0,0,0,420,0,0,420
아가타 여성 주얼 슬립온+스트랩슬립온,0,180,240,0,0,0,0,0,0,0,0,0,420
엔셀라두스 밴딩팬츠 3종,0,0,180,240,0,0,0,0,0,0,0,0,420
엘렌실라 그린 에너지 썬스틱7,0,0,0,0,0,60,360,0,0,0,0,0,420
오모떼 쉐이핑 브라팬티 10종(7월),0,0,0,0,0,0,0,360,60,0,0,0,420
월드컵 남성 에어러닝화+아쿠아트레킹화,0,0,0,0,0,0,180,240,0,0,0,0,420
월드컵 여성 에어러닝화+아쿠아트레킹화,0,0,0,0,0,0,180,240,0,0,0,0,420
유귀열의 The귀한 소한마리찜 7팩+무료체험1팩,0,0,0,0,0,0,0,60,180,180,0,0,420
일시불  얼리젼 밀레 푸쉬풀 도어락,0,0,0,0,0,0,0,0,240,180,0,0,420
일시불  해피콜 크로커다일 IH 후라이팬,0,0,60,240,0,0,0,0,120,0,0,0,420
일시불 썸덱스 트로이카 여행가방 10종세트,0,0,0,0,0,180,240,0,0,0,0,0,420
청정수산 완도활전복 中사이즈 26미,60,360,0,0,0,0,0,0,0,0,0,0,420
코치 리스틀릿,0,0,0,0,0,0,240,60,120,0,0,0,420
코치 미네타 크로스바디백,0,0,0,0,0,0,240,60,120,0,0,0,420
코치 아이비 메신저 크로스백,0,0,0,0,0,0,0,60,240,120,0,0,420
코치 앤디 백팩,0,0,0,0,0,0,0,60,240,120,0,0,420
코치 엠마 사첼백,0,0,0,0,0,0,240,60,120,0,0,0,420
키친아트 스마트뷰 스텐밀폐용기 20종,0,0,120,0,0,0,120,60,0,60,60,0,420
테이트 남성 SS 트렌치재킷,0,0,420,0,0,0,0,0,0,0,0,0,420
테이트 여성 SS 트렌치재킷,0,0,420,0,0,0,0,0,0,0,0,0,420
TCOM_바디프랜드 아제라,0,0,0,0,0,0,0,0,180,60,57,120,417
월드컵 남성 워킹화+슬립온,0,356,60,0,0,0,0,0,0,0,0,0,416
월드컵 여성 워킹화+슬립온,0,356,60,0,0,0,0,0,0,0,0,0,416
K-SWISS 남성이너티셔츠5종,0,0,240,115,60,0,0,0,0,0,0,0,415
K-SWISS 여성이너티셔츠5종,0,0,240,115,60,0,0,0,0,0,0,0,415
루이띠에 순금 미라클 트리플 링 15g+골드바 1g,0,0,0,0,0,0,240,175,0,0,0,0,415
루이띠에 순금 샤이닝 러브 목걸이 35g+골드바 1g,0,0,0,0,0,0,240,175,0,0,0,0,415
루이띠에 순금 샤이닝 러브 팔찌 35g+골드바 1g,0,0,0,0,0,0,240,175,0,0,0,0,415
루이띠에 순금 신디스틱 목걸이 13g+골드바 1g,0,0,0,0,0,0,240,175,0,0,0,0,415
루이띠에 순금 신디스틱 팔찌 13g+골드바 1g,0,0,0,0,0,0,240,175,0,0,0,0,415
루이띠에 순금 크로스 트리플 목걸이 18g+골드바 1g,0,0,0,0,0,0,240,175,0,0,0,0,415
루이띠에 순금 크로스 트리플 팔찌 18g+골드바 1g,0,0,0,0,0,0,240,175,0,0,0,0,415
그렉노먼 남성 캐시터치 터틀넥 4종,413,0,0,0,0,0,0,0,0,0,0,0,413
그렉노먼 여성 캐시터치 터틀넥 4종,413,0,0,0,0,0,0,0,0,0,0,0,413
넥센타이어 렌탈서비스(특약),0,0,0,60,113,120,120,0,0,0,0,0,413
헤드 언더셔츠 6종패키지,0,0,0,295,113,0,0,0,0,0,0,0,408
마리끌레르 파리컬렉션 리얼 하이드로 립스틱(마스카라),0,0,0,0,0,0,0,0,231,176,0,0,407
아이앤아이 퀵래쉬 속눈썹세트,0,0,0,0,0,0,0,0,0,0,170,234,404
제주농장 유기 양배추진액 120포,240,160,0,0,0,0,0,0,0,0,0,0,400
아가타 올인원 에디션(앵클부츠1종+플랫슈즈1종),0,0,0,0,0,0,0,0,0,0,220,177,397
"[광동제약] 석류 100, 총 5박스",0,0,0,0,0,120,0,60,0,120,20,60,380
완도꼬마활전복 1.3kg,0,0,0,0,0,0,0,0,60,60,172,70,362
(1등급)467L_딤채김치냉장고,0,0,0,0,0,0,0,0,0,0,360,0,360
19년 멋진밥상 흥양농협 햅쌀 20kg,0,0,0,0,0,0,0,0,300,60,0,0,360
AAE LA갈비 7팩,360,0,0,0,0,0,0,0,0,0,0,0,360
CERINI by PAT 남성 니트 스웨터 4종,0,0,0,0,0,0,0,0,0,60,240,60,360
CERINI by PAT 남성 캐주얼 셔츠 4종,0,0,0,360,0,0,0,0,0,0,0,0,360
[페플럼제이] 19Fall' 시그니처 수트+베스트 컬렉션 3종 set,0,0,0,0,0,0,0,60,240,60,0,0,360
[플로쥬] 트윙클 아일렛 스니커즈,0,0,60,180,120,0,0,0,0,0,0,0,360
구스터 티포트 1+1 세트,0,0,0,0,0,0,0,0,0,0,180,180,360
구스터 티포트 1세트,0,0,0,0,0,0,0,0,0,0,180,180,360
구찌 마이크로 씨마 GG플랩 2단 장지갑,0,0,0,0,0,0,0,0,0,0,0,360,360
구찌 씨마 베이직 양면 울 머플러,0,0,0,0,0,0,0,0,0,0,0,360,360
구찌 인터로킹 GG 탑핸들 체인 숄더 라지,0,0,0,0,0,0,0,0,0,0,0,360,360
구찌 인터로킹 GG 탑핸들 체인 숄더 스몰,0,0,0,0,0,0,0,0,0,0,0,360,360
국내산 손질 갑오징어 9팩,0,0,0,0,0,0,0,0,120,240,0,0,360
까사마루행거 2단,0,120,240,0,0,0,0,0,0,0,0,0,360
노송가구 제이드 비취 교자상(600),0,0,0,0,0,0,0,240,120,0,0,0,360
노송가구 제이드 비취 교자상(800),0,0,0,0,0,0,0,240,120,0,0,0,360
노송가구 제이드 비취 교자상(900),0,0,0,0,0,0,0,240,120,0,0,0,360
노송가구 제이드 비취 꽃상감 교자상(900),0,0,0,0,0,0,0,240,120,0,0,0,360
노와 스텐 대용량에어프라이어 4L,0,0,240,120,0,0,0,0,0,0,0,0,360
라쉬반 뉴트로 에어 에디션 드로즈 패키지,0,0,0,0,0,0,180,180,0,0,0,0,360
라쉬반 레알마드리드 에디션 드로즈 패키지,0,0,0,0,0,0,180,180,0,0,0,0,360
로이몬스터 남녀 벤치후드롱패딩,360,0,0,0,0,0,0,0,0,0,0,0,360
마르엘라로사티 롱블라우스3종,0,0,0,0,0,0,0,0,240,120,0,0,360
몬테밀라노 컴포트앤핏 브라팬티 5+5세트,0,240,120,0,0,0,0,0,0,0,0,0,360
무이자 LG 휘센 싱큐 에어컨 2IN1형 FQ19V9KWA2,0,0,0,0,0,240,120,0,0,0,0,0,360
무이자 LG 휘센 씽큐 에어컨 스탠드형FQ19V9KWA1,0,0,0,0,0,240,120,0,0,0,0,0,360
무이자 메디쉴드 자동 목 견인기기,180,180,0,0,0,0,0,0,0,0,0,0,360
무이자 삼성 엑티브워시 세탁기14kg WA14N6781TG,0,0,0,300,60,0,0,0,0,0,0,0,360
무이자 삼성 유로피안 냉장고RS82M6000S8,60,300,0,0,0,0,0,0,0,0,0,0,360
무이자 쿠진나이프케어 살균건조기풀세트,0,0,180,120,0,60,0,0,0,0,0,0,360
뱅뱅 남성 본딩기모데님3종,0,0,0,0,0,0,0,0,0,0,0,360,360
뱅뱅 여성 본딩기모데님3종,0,0,0,0,0,0,0,0,0,0,0,360,360
버버리 밀덴홀 체인 크로스백 미듐,0,0,0,0,0,0,0,0,0,0,0,360,360
버버리 홀스페리 페이톤 크로스백,0,0,0,0,0,0,0,0,0,0,0,360,360
생줄랑 14K 글로리아 목걸이 컬렉션 8종,0,0,0,0,0,0,60,300,0,0,0,0,360
시스마르스 보헤미안 소가죽 샌들+뮬 슬리퍼,0,0,0,0,0,60,180,120,0,0,0,0,360
실속하나로암보험 체증형,0,0,0,0,0,0,0,0,120,240,0,0,360
쓰임 마호가니 원목도마 4종 세트,120,60,0,0,0,0,0,0,0,60,60,60,360
일시불 LG 휘센 싱큐 에어컨 2IN1형 FQ19V9KWA2,0,0,0,0,0,240,120,0,0,0,0,0,360
일시불 LG 휘센 씽큐 에어컨 스탠드형FQ19V9KWA1,0,0,0,0,0,240,120,0,0,0,0,0,360
일시불 메디쉴드 자동 목 견인기기,180,180,0,0,0,0,0,0,0,0,0,0,360
일시불 삼성 엑티브워시 세탁기14kg WA14N6781TG,0,0,0,300,60,0,0,0,0,0,0,0,360
일시불 삼성 유로피안 냉장고RS82M6000S8,60,300,0,0,0,0,0,0,0,0,0,0,360
일시불 쿠진나이프케어 살균건조기풀세트,0,0,180,120,0,60,0,0,0,0,0,0,360
코몽트 남성 메쉬티셔츠 7종,0,0,0,0,0,0,120,240,0,0,0,0,360
코치 뉴 미아 숄더백,0,0,0,0,0,0,0,0,0,120,180,60,360
코치 라일라 더블 크로스백,0,0,0,0,0,0,0,0,0,120,180,60,360
코치 엠마 라지 사첼,0,0,0,0,0,0,0,0,0,120,180,60,360
쿠미투니카 쿨 레이시 란쥬쉐이퍼&팬티,0,0,0,120,240,0,0,0,0,0,0,0,360
크리스티나앤코 로브앙상블세트,0,0,0,0,360,0,0,0,0,0,0,0,360
크리스티나앤코 썸머플리츠세트,0,0,0,0,180,180,0,0,0,0,0,0,360
크리스티나앤코 퀼팅롱코트,0,0,0,0,0,0,0,0,60,180,120,0,360
키친아트 스마트뷰 스텐밀폐용기 9종,0,0,120,0,0,0,120,60,0,60,0,0,360
파격가 니봇 무선 진공 물걸레 로봇청소기 +폴더블 헤어드라이어기,0,0,0,0,0,0,0,0,0,60,300,0,360
푸마 에어핏 서포트 브라세트 15종+4종,360,0,0,0,0,0,0,0,0,0,0,0,360
푸마 INNO 심리스 드로즈 (6차),300,56,0,0,0,0,0,0,0,0,0,0,356
푸마 INNO 심리스 롱드로즈 (1차),300,56,0,0,0,0,0,0,0,0,0,0,356
푸마 NEW 트렁크 패키지,300,56,0,0,0,0,0,0,0,0,0,0,356
헤비추얼 남성 이지라이프 데님팬츠 3종,0,0,356,0,0,0,0,0,0,0,0,0,356
헤비추얼 여성 이지라이프 데님팬츠 3종,0,0,356,0,0,0,0,0,0,0,0,0,356
무이자  모즈 미니오븐,120,120,115,0,0,0,0,0,0,0,0,0,355
무이자  모즈 커피머신,120,120,115,0,0,0,0,0,0,0,0,0,355
무이자  모즈 커피머신&미니오븐,120,120,115,0,0,0,0,0,0,0,0,0,355
오모떼 쉐이핑 브라팬티 10종,0,0,0,0,0,240,115,0,0,0,0,0,355
일시불  모즈 미니오븐,120,120,115,0,0,0,0,0,0,0,0,0,355
일시불  모즈 커피머신,120,120,115,0,0,0,0,0,0,0,0,0,355
일시불  모즈 커피머신&미니오븐,120,120,115,0,0,0,0,0,0,0,0,0,355
디키즈 윈드브레이커1종,0,0,0,354,0,0,0,0,0,0,0,0,354
TCOM_아이러너 런닝머신 렌탈,0,0,0,60,173,120,0,0,0,0,0,0,353
[DIOR] 선글라스 (SIDERAL),0,0,0,60,120,173,0,0,0,0,0,0,353
아미니 비노테라 오일 워시(구성1),0,0,0,0,0,0,0,0,234,96,0,17,347
아미니 비노테라 오일 워시(구성2),0,0,0,0,0,0,0,0,234,96,0,17,347
AAD 소가죽 올데이슬립온,0,0,0,0,0,0,0,0,240,106,0,0,346
남영비비안 스킨핏 Dream Fit 브라팬티,168,176,0,0,0,0,0,0,0,0,0,0,344
노와 멀티 만능 다지기,0,0,0,0,0,0,0,0,180,60,100,0,340
노와 멀티 만능 다지기 1+1세트,0,0,0,0,0,0,0,0,180,60,100,0,340
오델로 여성 겨울모자 3종,0,0,0,0,0,0,0,0,0,0,120,217,337
마모트 19 F/W 남성 네이처 수트 4종,0,0,0,0,0,0,0,0,336,0,0,0,336
마모트 19 F/W 여성 네이처 수트 4종,0,0,0,0,0,0,0,0,336,0,0,0,336
ALL New 파워스윙 물걸레 진공청소기,0,0,0,0,0,0,0,60,180,60,0,0,300
CERINI by PAT 남성 썸머 쿨 카라 티셔츠 5종,0,0,0,0,60,240,0,0,0,0,0,0,300
LG생활건강 테크 한장빨래 화이트업(30매X9박스),0,0,240,0,0,0,0,60,0,0,0,0,300
NNF 더블페이스 쿠션재킷+베스트,0,300,0,0,0,0,0,0,0,0,0,0,300
[1세트] 중외신약 빠르카 통증패치,0,0,0,0,0,0,0,0,180,60,60,0,300
[2세트] 중외신약 빠르카 통증패치,0,0,0,0,0,0,0,0,180,60,60,0,300
[세라맥스] 포터블 원적외선 전기렌인지,0,0,0,0,0,0,0,0,0,0,60,240,300
그렉노먼 남성 디보티 컬렉션 트렌치코트 1종,0,0,300,0,0,0,0,0,0,0,0,0,300
그렉노먼 여성 디보티 컬렉션 트렌치코트 1종,0,0,300,0,0,0,0,0,0,0,0,0,300
남영비비안 소노르 퀸 컬렉션 프리미엄 브라,0,0,0,180,120,0,0,0,0,0,0,0,300
더블모 어성초 샴푸,0,0,0,0,0,0,0,0,0,0,0,300,300
디즈니 19 SS 반팔스웻티셔츠  6종,0,0,0,0,0,0,180,120,0,0,0,0,300
롯데관광 인도 네팔(191115)상담예약,0,0,0,0,0,0,0,0,0,0,300,0,300
마르엘라로사티 썸머 와이드 팬츠 3종,0,0,0,0,0,240,60,0,0,0,0,0,300
마르엘라로사티 에코무스탕1종,0,0,0,0,0,0,0,0,0,0,60,240,300
마르엘라로사티 쿨썸머 데님 3종,0,0,0,0,0,240,60,0,0,0,0,0,300
마르엘라로사티 휘메일 풀스킨 밍크 후드코트(앱할인),0,0,0,0,0,0,0,0,240,60,0,0,300
무이자  니봇 진공+ 물걸레 듀얼 로봇청소기,0,0,0,0,0,0,0,0,120,180,0,0,300
무이자 LG전자 로보킹 터보 R46RIM,0,0,0,0,0,0,0,120,120,60,0,0,300
보몽드 카밀라 더블착번극세사 토퍼침구세트 K(킹),0,0,0,0,0,0,0,0,0,0,300,0,300
보몽드 카밀라 더블착번극세사 토퍼침구세트 Q(퀸),0,0,0,0,0,0,0,0,0,0,300,0,300
보몽드 카밀라 더블착번극세사 토퍼침구세트 SK(슈퍼킹),0,0,0,0,0,0,0,0,0,0,300,0,300
보몽드 카밀라 더블착번극세사 토퍼침구세트 SS(슈퍼싱글),0,0,0,0,0,0,0,0,0,0,300,0,300
생쥴랑 18K 베니스 주얼리 컬렉션 11종,0,0,0,0,0,0,0,60,240,0,0,0,300
스프리스 남성 코트 스니커즈,0,0,300,0,0,0,0,0,0,0,0,0,300
스프리스 여성 코트 스니커즈,0,0,300,0,0,0,0,0,0,0,0,0,300
스피드랙 베이직 4단,0,0,60,240,0,0,0,0,0,0,0,0,300
스피드랙 베이직 4단 1+1,0,0,60,240,0,0,0,0,0,0,0,0,300
알비에로 마르티니 1A클라쎄 프리다 숄더백,0,0,0,0,0,0,0,240,60,0,0,0,300
에코라믹 통주물 스톤 냄비세트 (new),0,0,0,0,0,0,0,60,0,0,120,120,300
오렐리안 풍기인견 원피스 2종세트,0,0,0,0,180,60,60,0,0,0,0,0,300
오모떼 미라클쉐이핑 브라팬티 시즌3,0,0,0,0,240,60,0,0,0,0,0,0,300
온라인투어 태항산(190817),0,0,0,0,0,0,0,300,0,0,0,0,300
올리고 가스와이드그릴레인지 기본형,240,0,60,0,0,0,0,0,0,0,0,0,300
올리고 가스와이드그릴레인지 프리미엄형,240,0,60,0,0,0,0,0,0,0,0,0,300
월드컵 남성다이얼트레킹화세트,0,0,300,0,0,0,0,0,0,0,0,0,300
월드컵 여성다이얼트레킹화세트,0,0,300,0,0,0,0,0,0,0,0,0,300
이보은의 우삽겹 12팩세트,0,0,0,0,0,0,0,0,0,60,120,120,300
일시불  니봇 진공+ 물걸레 듀얼 로봇청소기,0,0,0,0,0,0,0,0,120,180,0,0,300
일시불 LG전자 로보킹 터보 R46RIM,0,0,0,0,0,0,0,120,120,60,0,0,300
임페리얼 남성 패딩코트세트,0,0,0,0,0,0,0,0,0,0,120,180,300
임페리얼 여성 패딩코트세트,0,0,0,0,0,0,0,0,0,0,120,180,300
카파 런닝 패키지 7종,0,0,0,120,120,0,60,0,0,0,0,0,300
카파 트렁크 패키지 7종,0,0,0,120,120,0,60,0,0,0,0,0,300
코치 노리타 리스틀릿,0,0,0,0,60,240,0,0,0,0,0,0,300
코치 시그니처 숄더백,0,0,0,0,60,240,0,0,0,0,0,0,300
코치 시그니처 켈시 사첼,0,0,0,0,60,240,0,0,0,0,0,0,300
코치 아웃라인 파일백,0,0,0,0,60,240,0,0,0,0,0,0,300
쿠미투니카 웜 레이시 란쥬패키지,0,0,0,0,0,0,0,0,0,60,240,0,300
쿠미투니카 황후의코르셋 하이웨이스트팬티(리뉴얼),300,0,0,0,0,0,0,0,0,0,0,0,300
푸마 웜셀(WARM CELL)원피스 브라탑 3종세트,0,0,0,0,0,0,0,0,0,300,0,0,300
효재 자수 광목 워싱 침구세트 슈퍼싱글,0,0,0,0,180,120,0,0,0,0,0,0,300
효재 자수 광목 워싱 침구세트 퀸,0,0,0,0,180,120,0,0,0,0,0,0,300
효재 자수 광목 워싱 침구세트 킹,0,0,0,0,180,120,0,0,0,0,0,0,300
미바 이온칼슘 파운데이션 더블쿠션 RX,0,0,0,0,0,0,0,0,0,0,237,60,297
롯데관광 호주(191025)상담예약,0,0,0,0,0,0,0,0,0,296,0,0,296
헤드 프리무빙 레깅스 4종 패키지,0,0,0,0,0,0,0,0,0,60,120,116,296
썸덱스 클레오 여행가방 9종세트,0,0,0,175,120,0,0,0,0,0,0,0,295
올바로바른자세밴드 2종세트,0,120,175,0,0,0,0,0,0,0,0,0,295
올바로 문어발 샤워기 1+1,0,0,0,0,0,0,0,0,0,0,60,234,294
올바로 문어발 샤워기 1세트,0,0,0,0,0,0,0,0,0,0,60,234,294
뉴질랜드 초록입홍합 환 100%,0,0,0,0,113,60,0,0,120,0,0,0,293
K-SWISS 남성약기모팬츠3종,0,236,56,0,0,0,0,0,0,0,0,0,292
테이트 남성 오가닉티셔츠6종,0,0,0,55,180,53,0,0,0,0,0,0,288
테이트 여성 오가닉티셔츠8종,0,0,0,55,180,53,0,0,0,0,0,0,288
엘르 메르시(Merci) 토트백세트,56,172,56,0,0,0,0,0,0,0,0,0,284
남영비비안 소노르 베르사유 노와이어 컬렉션 브라,0,0,240,42,0,0,0,0,0,0,0,0,282
피시원 국내산 절단 햇 꽃게 7팩,0,0,0,0,0,0,0,60,221,0,0,0,281
아리스토우 남성 패딩트랙수트세트,280,0,0,0,0,0,0,0,0,0,0,0,280
아리스토우 여성 패딩트랙수트세트,280,0,0,0,0,0,0,0,0,0,0,0,280
오델로 남성 겨울모자 3종,0,0,0,0,0,0,0,0,0,0,120,157,277
마리노블 밍크 퍼 베스트(역시즌),0,0,0,0,0,0,0,215,60,0,0,0,275
한일 자동 빨래 삶통 BW-700,0,0,0,0,120,120,35,0,0,0,0,0,275
피시원 국내산 절단 햇 꽃게 2.4kg,0,0,0,0,0,0,0,0,0,222,52,0,274
일시불 쿠첸 풀스텐 압력밥솥 10인용 ,0,60,212,0,0,0,0,0,0,0,0,0,272
모리츠 에어 서큘레이터 1종,0,0,0,0,173,93,0,0,0,0,0,0,266
코몽트 남성스포츠 팬츠3종,0,0,0,0,0,266,0,0,0,0,0,0,266
(1등급)221L_딤채김치냉장고(LDL22DHWJJ),0,0,0,0,0,0,0,0,0,0,140,120,260
 국내제조 오슬로 IH 프라이팬 세트,0,0,0,0,0,0,180,60,0,0,0,0,240
""" 100%리얼 착즙 석류 "", 총 4박스",0,0,0,0,0,240,0,0,0,0,0,0,240
(무)100%리얼착즙석류 4박스,0,0,0,0,0,0,0,60,60,120,0,0,240
(일)100%리얼착즙석류 4박스,0,0,0,0,0,0,0,60,60,120,0,0,240
1세트 믹서를 품은 텀블러,0,0,0,0,0,0,120,120,0,0,0,0,240
2세트 믹서를 품은 텀블러,0,0,0,0,0,0,120,120,0,0,0,0,240
BBC&IZUMI 레이스런닝 브라 패키지,0,0,120,120,0,0,0,0,0,0,0,0,240
K-SWISS 남성 아웃도어 팬츠3종,0,0,240,0,0,0,0,0,0,0,0,0,240
K-SWISS 여성 아웃도어 팬츠3종,0,0,240,0,0,0,0,0,0,0,0,0,240
[RYN] 린 남성 뉴웨이브 스니커즈,0,0,0,0,0,0,0,0,0,240,0,0,240
[RYN] 린 여성 뉴웨이브 스니커즈,0,0,0,0,0,0,0,0,0,240,0,0,240
[본죽] 그때 그 쇠고기 장조림 세트(총 13팩),0,0,0,240,0,0,0,0,0,0,0,0,240
[상담접수상품]뇌새김 영어 렌탈,0,0,0,0,0,0,0,0,0,0,180,60,240
[특등급] 김천 샤인머스켓 2kg (2~3수),0,0,0,0,0,0,0,0,0,120,120,0,240
[헤스티지] 레나 폭스퍼후드 덕다운롱코트,0,0,0,0,0,0,0,0,0,0,0,240,240
강원도양구 간편시래기 + 시래기 들깨 무침,0,240,0,0,0,0,0,0,0,0,0,0,240
강원도양구 간편시래기15팩,0,0,0,0,0,0,0,0,0,120,120,0,240
국내산 특大손질갑오징어 6팩,0,0,240,0,0,0,0,0,0,0,0,0,240
국내제조 벨라홈 논슬립 옷걸이 세트,0,0,0,0,0,0,0,0,0,240,0,0,240
김선영 정성한끼 LA갈비 6팩,0,0,0,0,0,0,0,180,60,0,0,0,240
남영비비안 로즈버드 머스트해브 브라패키지,0,0,0,0,0,0,0,0,120,120,0,0,240
뉴 클레린 티메이커 시그니처플러스 1+1,60,180,0,0,0,0,0,0,0,0,0,0,240
뉴 클레린 티메이커 플러스,60,180,0,0,0,0,0,0,0,0,0,0,240
레노마 우/양산 2종세트,0,0,0,0,0,0,240,0,0,0,0,0,240
레드캠프 남성 썸머 기능성 셔츠 7종 패키지,0,0,0,0,0,120,120,0,0,0,0,0,240
레드캠프 여성 썸머 기능성 셔츠 7종 패키지,0,0,0,0,0,120,120,0,0,0,0,0,240
레이프릴 쿨 보정런닝,0,0,0,240,0,0,0,0,0,0,0,0,240
로베르타 디 까메리노 메쉬 프리컷 지퍼브라팬티,0,0,0,240,0,0,0,0,0,0,0,0,240
로베르타 디 까메리노 아쿠아마레 백팩 4종세트,0,60,180,0,0,0,0,0,0,0,0,0,240
롯데JTB 장가계(190726),0,0,0,0,0,0,240,0,0,0,0,0,240
롯데JTB 장가계(190803),0,0,0,0,0,0,0,240,0,0,0,0,240
롯데JTB 청도(190928)상담예약,0,0,0,0,0,0,0,0,240,0,0,0,240
롯데JTB 태항산5일(190628),0,0,0,0,0,240,0,0,0,0,0,0,240
롯데관광 북경(191213)상담예약,0,0,0,0,0,0,0,0,0,0,0,240,240
롯데관광 세부 (191227)상담예약,0,0,0,0,0,0,0,0,0,0,0,240,240
루이바셋 여성 기모 웜 본딩팬츠 3종,0,240,0,0,0,0,0,0,0,0,0,0,240
리얼니파팜 해죽순,0,0,0,0,0,0,0,60,60,60,0,60,240
마르엘라로사티 린넨 베스트 세트,0,0,0,0,0,180,60,0,0,0,0,0,240
마리끌레르 파리컬렉션 리얼 하이드로 립스틱(2019리뉴얼),0,0,60,180,0,0,0,0,0,0,0,0,240
명인 김규흔의 영양 강정바 60개+무료체험5개,0,0,0,0,0,0,0,60,180,0,0,0,240
무이자 삼성 UHD 국민TV UN55NU7010FXKR,0,240,0,0,0,0,0,0,0,0,0,0,240
무이자 송도순의 2세대 홈밀맷돌,0,0,0,60,60,60,0,0,60,0,0,0,240
무이자 스위스밀리터리 에어프라이어,240,0,0,0,0,0,0,0,0,0,0,0,240
무이자 아이오 진공포장기,120,0,0,0,0,0,0,0,120,0,0,0,240
무이자 에지리 법랑 냄비세트,0,0,0,0,120,120,0,0,0,0,0,0,240
무이자 종근당건강 락토핏 생유산균골드,0,0,0,0,240,0,0,0,0,0,0,0,240
무이자 프랑스직수입  테팔 매직핸즈 프라이팬세트,0,0,0,0,180,0,60,0,0,0,0,0,240
무이자 하우홈 초고속 진공쿠킹블렌더,0,0,0,0,0,0,60,60,120,0,0,0,240
무이자 한삼인순홍삼진7박스 (백A1),240,0,0,0,0,0,0,0,0,0,0,0,240
"뱅뱅 남성 간절기 데님팬츠 3종(GQE772, GQE774, GQE776)",0,0,0,0,0,0,0,0,180,60,0,0,240
"뱅뱅 여성 간절기 데님팬츠 3종(KQE251, KQE253, KQE255)",0,0,0,0,0,0,0,0,180,60,0,0,240
벨라홈 세균잡는 행주티슈 17팩,0,0,0,0,0,0,0,0,60,180,0,0,240
벨라홈 세균잡는 행주티슈 26팩,0,0,0,0,0,0,0,0,60,180,0,0,240
보코 메쉬 아이스 풀코디,0,0,0,0,240,0,0,0,0,0,0,0,240
보코 윈터 기모 풀코디 4종세트,120,120,0,0,0,0,0,0,0,0,0,0,240
뷰티플렉스 풍기인견 란쥬패키지,0,0,0,60,60,120,0,0,0,0,0,0,240
뷰티플렉스 풍기인견 브라패키지,0,0,0,60,60,120,0,0,0,0,0,0,240
스포메틱스 네츄럴 선스틱,0,0,180,60,0,0,0,0,0,0,0,0,240
아이넥스 프리미엄 올스텐 싱크선반,0,240,0,0,0,0,0,0,0,0,0,0,240
알비에로 마르티니 1A클라쎄 버킷 드로잉 백,0,0,0,0,0,0,0,240,0,0,0,0,240
알비에로 마르티니 1A클라쎄 소프트 메디오백,0,0,0,0,0,0,0,240,0,0,0,0,240
알비에로 마르티니 1A클라쎄 스퀘어 마일드 크로스 백,0,0,0,0,0,0,0,240,0,0,0,0,240
알비에로 마르티니 1A클라쎄 지오맵 울실크 스카프,0,0,0,0,0,0,0,240,0,0,0,0,240
알비에로 마르티니 1A클라쎄 지오맵 호보백,0,0,0,0,0,0,0,240,0,0,0,0,240
어반시크릿 썸머 풀코디 3종세트,0,0,0,0,0,60,120,60,0,0,0,0,240
여행박사 대만(190503),0,0,0,0,240,0,0,0,0,0,0,0,240
오델로 여성 모자 3종,0,0,0,0,0,0,240,0,0,0,0,0,240
오렐리안 풍기인견 원피스 2종세트(8월),0,0,0,0,0,0,0,240,0,0,0,0,240
오모떼 레이스 파운데이션 브라,240,0,0,0,0,0,0,0,0,0,0,0,240
오모떼 레이스홀릭 시즌5 브라팬티10종(8월),0,0,0,0,0,0,0,120,120,0,0,0,240
온라인투어 대련 아시아나(191108) 상담예약,0,0,0,0,0,0,0,0,0,0,240,0,240
온라인투어 대련(191025) 상담예약,0,0,0,0,0,0,0,0,0,240,0,0,240
온라인투어 동경/오다이바/하코네 (0601),0,0,0,0,0,240,0,0,0,0,0,0,240
온라인투어 동남아 나트랑/빈펄랜드 (190309),0,0,240,0,0,0,0,0,0,0,0,0,240
온라인투어 동남아 다낭5일(0427),0,0,0,240,0,0,0,0,0,0,0,0,240
온라인투어 북경 (191227) 상담예약,0,0,0,0,0,0,0,0,0,0,0,240,240
온라인투어 북경(190706),0,0,0,0,0,0,240,0,0,0,0,0,240
온라인투어 북해도(190511),0,0,0,0,240,0,0,0,0,0,0,0,240
온라인투어 오사카(0406),0,0,0,240,0,0,0,0,0,0,0,0,240
온라인투어 오키나와 (190323),0,0,240,0,0,0,0,0,0,0,0,0,240
온라인투어 장가계 아시아나 특가찬스(191206) 상담예약,0,0,0,0,0,0,0,0,0,0,0,240,240
온라인투어 장가계 항공직항(190906) 상담예약,0,0,0,0,0,0,0,0,240,0,0,0,240
온라인투어 장가계직항 신규취항(191018) 상담예약,0,0,0,0,0,0,0,0,0,240,0,0,240
온라인투어 장사장가계(190420),0,0,0,240,0,0,0,0,0,0,0,0,240
"온라인투어 중국/장사,장가계 (190330)",0,0,240,0,0,0,0,0,0,0,0,0,240
온라인투어 청도 (191220) 상담예약,0,0,0,0,0,0,0,0,0,0,0,240,240
온라인투어 청도 대한항공(191122) 상담예약,0,0,0,0,0,0,0,0,0,0,240,0,240
온라인투어 청도(191011) 상담예약,0,0,0,0,0,0,0,0,0,240,0,0,240
온라인투어 태항산(0518),0,0,0,0,240,0,0,0,0,0,0,0,240
온라인투어 하이난(0601),0,0,0,0,60,180,0,0,0,0,0,0,240
월드컵 남성19SS 트레킹화,0,0,120,120,0,0,0,0,0,0,0,0,240
월드컵 여성19SS트레킹화,0,0,120,120,0,0,0,0,0,0,0,0,240
이정섭의 비가린 배추김치 10kg,0,0,0,0,0,0,0,120,60,0,60,0,240
이지엔 슬라이더 지퍼백,0,0,0,0,0,0,60,60,120,0,0,0,240
인터파크 상해(191122) 상담예약,0,0,0,0,0,0,0,0,0,0,240,0,240
인터파크 장가계(191115) 상담예약,0,0,0,0,0,0,0,0,0,0,240,0,240
일시불 삼성 UHD 국민TV UN55NU7010FXKR,0,240,0,0,0,0,0,0,0,0,0,0,240
일시불 송도순의 2세대 홈밀맷돌,0,0,0,60,60,60,0,0,60,0,0,0,240
일시불 스위스밀리터리 에어프라이어,240,0,0,0,0,0,0,0,0,0,0,0,240
일시불 아이오 진공포장기,120,0,0,0,0,0,0,0,120,0,0,0,240
일시불 에지리 법랑 냄비세트,0,0,0,0,120,120,0,0,0,0,0,0,240
일시불 종근당건강 락토핏 생유산균골드,0,0,0,0,240,0,0,0,0,0,0,0,240
일시불 프랑스직수입  테팔 매직핸즈 프라이팬세트,0,0,0,0,180,0,60,0,0,0,0,0,240
일시불 하우홈 초고속 진공쿠킹블렌더,0,0,0,0,0,0,60,60,120,0,0,0,240
일시불 한삼인순홍삼진7박스 (백A1),240,0,0,0,0,0,0,0,0,0,0,0,240
임페리얼 남성 릴렉스 본딩팬츠 3종,240,0,0,0,0,0,0,0,0,0,0,0,240
임페리얼 여성 릴렉스 본딩팬츠 3종,240,0,0,0,0,0,0,0,0,0,0,0,240
제주갈치+참조기세트,0,0,0,0,0,0,0,0,0,0,120,120,240
젠트웰 남성 스트레치 팬츠 2종,0,0,0,0,240,0,0,0,0,0,0,0,240
참좋은여행 가오슝(191108) 상담예약,0,0,0,0,0,0,0,0,0,0,240,0,240
참좋은여행 대련(191018) 상담예약,0,0,0,0,0,0,0,0,0,240,0,0,240
참좋은여행 대만(191213) 상담예약,0,0,0,0,0,0,0,0,0,0,0,240,240
참좋은여행 장가계(190823) 상담예약,0,0,0,0,0,0,0,240,0,0,0,0,240
참좋은여행 장가계(191220) 상담예약,0,0,0,0,0,0,0,0,0,0,0,240,240
"참좋은여행 하문,샤먼(190914) 상담예약",0,0,0,0,0,0,0,0,240,0,0,0,240
초특가  국내제조 센스하우스 실크단열벽지 20M,0,0,0,0,0,0,0,0,0,0,120,120,240
초특가  국내제조 센스하우스 실크단열벽지 30M,0,0,0,0,0,0,0,0,0,0,120,120,240
초특가  국내제조 센스하우스 실크단열벽지10M,0,0,0,0,0,0,0,0,0,0,120,120,240
초특가 무이자 삼성 UHD TV UN65RU7150FXKR,0,0,0,0,0,0,0,0,0,0,120,120,240
초특가 무이자 삼성 UHD TVUN55RU7150FXKR,0,0,0,0,0,0,0,0,0,0,120,120,240
초특가 무이자 삼성 UHD TVUN75RU7150FXKR,0,0,0,0,0,0,0,0,0,0,120,120,240
초특가 일시불 삼성 UHD TV UN65RU7150FXKR,0,0,0,0,0,0,0,0,0,0,120,120,240
초특가 일시불 삼성 UHD TVUN55RU7150FXKR,0,0,0,0,0,0,0,0,0,0,120,120,240
초특가 일시불 삼성 UHD TVUN75RU7150FXKR,0,0,0,0,0,0,0,0,0,0,120,120,240
카파 드로즈 패키지 10종,0,0,0,120,120,0,0,0,0,0,0,0,240
캘리포니아 카라카라 오렌지 8kg,0,120,120,0,0,0,0,0,0,0,0,0,240
크리스티나앤코 썸머플리츠세트(8월),0,0,0,0,0,0,0,240,0,0,0,0,240
푸마 INNO 심리스 롱드로즈 9종 (1차),0,0,0,0,0,0,0,0,0,180,60,0,240
푸마 뉴 니트 스트레치 심리스 드로즈 11종,0,0,0,0,0,0,0,0,0,180,60,0,240
푸마 시그니처 코튼 트렁크 패키지,0,0,0,0,0,0,0,0,240,0,0,0,240
푸마 프레쉬 미들 드로즈 패키지,0,0,0,0,0,0,0,0,240,0,0,0,240
하나투어 괌PIC(190315),0,0,240,0,0,0,0,0,0,0,0,0,240
하나투어 북해도(190413),0,0,0,240,0,0,0,0,0,0,0,0,240
하나투어 싱가폴(191101)상담예약,0,0,0,0,0,0,0,0,0,0,240,0,240
하나투어 오사카 (190518),0,0,0,0,240,0,0,0,0,0,0,0,240
하나투어 오키나와(190420),0,0,0,240,0,0,0,0,0,0,0,0,240
헤비추얼 남성 썸머 쿨라이트 데님 3종,0,0,0,0,0,180,60,0,0,0,0,0,240
헤비추얼 여성 썸머 쿨라이트 데님 3종,0,0,0,0,0,180,60,0,0,0,0,0,240
벨라홈 논슬립 옷걸이 세트,117,60,60,0,0,0,0,0,0,0,0,0,237
안국루테인 미니100(5박스),0,0,0,0,0,0,0,0,0,60,120,57,237
 한국인 모유유래 다이어트 유산균 BNR17 비에날씬 12주(3박스),0,0,0,0,0,0,0,0,0,176,60,0,236
로베르타 디 까메리노 쿨메쉬 지퍼란쥬 패키지,0,0,0,0,0,0,0,60,176,0,0,0,236
AAD 남성 소가죽 구름 샌들,0,0,0,0,0,0,120,115,0,0,0,0,235
AAD 여성 소가죽 구름 샌들,0,0,0,0,0,0,120,115,0,0,0,0,235
레이프릴 무빙 맥시풀커버 브라팬티,234,0,0,0,0,0,0,0,0,0,0,0,234
오모떼 에어홀릭 브라팬티,60,0,120,54,0,0,0,0,0,0,0,0,234
코몽트 남성 이너티셔츠 7종,0,0,0,0,120,113,0,0,0,0,0,0,233
코펜하겐럭스 세미와이드팬츠,0,0,0,0,0,233,0,0,0,0,0,0,233
크로커다일 감탄 레이스 브라렛 패키지,0,0,0,120,53,60,0,0,0,0,0,0,233
오가닉뷰티 프레쉬 코튼 맥시 팬티 10종 패키지,0,0,0,0,0,0,0,55,176,0,0,0,231
로베르타 디 까메리노 풀 바스트 업 지퍼브라팬티,0,0,0,0,0,0,0,230,0,0,0,0,230
도스문도스 카이만엠보 소가죽 토트백 2종 ,0,0,0,0,0,0,0,0,172,56,0,0,228
실크플러스 by 투홀릭 풍기인견 드로즈 패키지,0,0,0,0,53,0,0,175,0,0,0,0,228
실크플러스 by 투홀릭 풍기인견 트렁크 패키지,0,0,0,0,53,0,0,175,0,0,0,0,228
델첸  4in1 텀블러블랜더,0,0,115,112,0,0,0,0,0,0,0,0,227
스포메틱스 트리플 샤이닝 쿠션시즌1,0,0,0,0,0,0,60,165,0,0,0,0,225
2019 USPA 남성 썸머 화이트라벨 폴로셔츠 3종,0,0,0,0,53,60,109,0,0,0,0,0,222
2019 USPA 여성 썸머 화이트라벨 폴로셔츠 3종,0,0,0,0,53,60,109,0,0,0,0,0,222
AAA 19 F/W 남성 트레킹화 3종,0,0,0,0,0,0,0,0,0,0,100,120,220
AAA 19 F/W 여성 트레킹화 3종,0,0,0,0,0,0,0,0,0,0,100,120,220
보코 풍기인견 블라우스,0,0,0,0,0,0,0,220,0,0,0,0,220
아가타 윈터 에디션(부츠1종+소프트퍼슈즈1종),0,0,0,0,0,0,0,0,0,0,220,0,220
아가타 컬러풀에디션(앵클부츠1종+플랫슈즈1종),0,0,0,0,0,0,0,0,0,0,40,180,220
오세득 본 갈비탕,0,0,0,0,0,0,0,0,0,0,120,100,220
이봉원 정직한 안창살 + 갈비살구이,220,0,0,0,0,0,0,0,0,0,0,0,220
뷰티플렉스 풍기인견 원피스 2종(8월),0,0,0,0,0,0,0,215,0,0,0,0,215
자올 닥터스오더 탈모 부스터&샴푸,0,0,0,0,0,213,0,0,0,0,0,0,213
(무)한샘 HG 화이트 실버슬림 붙박이장(2.2m),0,60,120,0,0,0,0,0,0,0,0,0,180
(무)한샘 HG 화이트 실버슬림 붙박이장(3.2m),0,60,120,0,0,0,0,0,0,0,0,0,180
(무)한샘 HG 화이트 실버슬림 붙박이장(4.2m),0,60,120,0,0,0,0,0,0,0,0,0,180
(일)한샘 HG 화이트 실버슬림 붙박이장(2.2m),0,60,120,0,0,0,0,0,0,0,0,0,180
(일)한샘 HG 화이트 실버슬림 붙박이장(3.2m),0,60,120,0,0,0,0,0,0,0,0,0,180
(일)한샘 HG 화이트 실버슬림 붙박이장(4.2m),0,60,120,0,0,0,0,0,0,0,0,0,180
467L_딤채김치냉장고,0,0,0,0,0,0,0,0,120,60,0,0,180
CERINI by PAT 남성 집업니트4종,60,120,0,0,0,0,0,0,0,0,0,0,180
K-SWISS 남성PK티셔츠4종(6월),0,0,0,0,0,120,60,0,0,0,0,0,180
K-SWISS 여성PK티셔츠4종(6월),0,0,0,0,0,120,60,0,0,0,0,0,180
LG생활건강 건조기 시트 퍼퓸드몽드,0,0,0,180,0,0,0,0,0,0,0,0,180
NNF 라운지웨어세트,0,0,0,0,0,0,0,0,0,120,0,60,180
NNF 여성 롱패딩1종,120,60,0,0,0,0,0,0,0,0,0,0,180
TCOM_X-RUN Serise,0,0,0,0,0,0,0,0,120,0,60,0,180
TCOM_처브치아보험,120,60,0,0,0,0,0,0,0,0,0,0,180
USPA 남성 퀼팅자켓 1종,0,0,0,0,0,0,0,0,120,60,0,0,180
USPA 여성 퀼팅자켓 1종,0,0,0,0,0,0,0,0,120,60,0,0,180
USPA화이트라벨 남성맨투맨 4종,0,0,0,0,0,0,0,0,120,60,0,0,180
USPA화이트라벨 여성맨투맨 4종,0,0,0,0,0,0,0,0,120,60,0,0,180
[루이띠에] 순금 11.25g 헤라 반지,0,0,0,0,0,0,0,0,0,180,0,0,180
[루이띠에] 순금 13g 신디스틱 목걸이,0,0,0,0,0,0,0,0,0,180,0,0,180
[루이띠에] 순금 13g 신디스틱 팔찌,0,0,0,0,0,0,0,0,0,180,0,0,180
[루이띠에] 순금 3.75g 헤라귀걸이,0,0,0,0,0,0,0,0,0,180,0,0,180
[루이띠에] 순금 37.5g 골드바,0,0,0,0,0,0,0,0,0,180,0,0,180
[루이띠에] 순금 41.25g 헤라 컬렉션,0,0,0,0,0,0,0,0,0,180,0,0,180
[루이띠에] 순금 70g 골드바,0,0,0,0,0,0,0,0,0,180,0,0,180
[페플럼제이] 19Fall' 시그니처 밴딩팬츠 4종,0,0,0,0,0,0,0,60,120,0,0,0,180
경남제약 레모나 S산 350포,0,0,0,180,0,0,0,0,0,0,0,0,180
국내산 손질 가자미 36미!,0,0,0,60,120,0,0,0,0,0,0,0,180
그렉노먼 여성 폴로셔츠 5종,0,0,0,0,120,60,0,0,0,0,0,0,180
농협안심벌꿀 4병,180,0,0,0,0,0,0,0,0,0,0,0,180
더블유베일 소프트 마카롱 니트 5종,0,0,0,180,0,0,0,0,0,0,0,0,180
도스문도스 카이만 엠보 소가죽 핸드백 1종(SS),0,0,180,0,0,0,0,0,0,0,0,0,180
디즈니 남성 트랙수트 5종,0,0,0,0,0,0,0,0,180,0,0,0,180
디즈니 여성 트랙수트 5종,0,0,0,0,0,0,0,0,180,0,0,0,180
레스토닉 블루투스 LED 서랍 침대 슈퍼싱글,0,0,0,0,0,0,0,0,0,60,60,60,180
레스토닉 블루투스 LED 서랍 침대 퀸,0,0,0,0,0,0,0,0,0,60,60,60,180
레스토닉 블루투스 LED 서랍 침대 킹,0,0,0,0,0,0,0,0,0,60,60,60,180
롯데관광 시안(191101)상담예약,0,0,0,0,0,0,0,0,0,0,180,0,180
리복 스피드윅 드로즈 12종,0,0,60,120,0,0,0,0,0,0,0,0,180
마담팰리스 웜기모 롱베스트 3종세트,180,0,0,0,0,0,0,0,0,0,0,0,180
마르엘라로사티 기모본딩팬츠,0,0,0,0,0,0,0,0,0,0,120,60,180
무이자 삼성 5도어 냉장고 H9000 RH81M8011S9,0,0,0,180,0,0,0,0,0,0,0,0,180
무이자 삼성 파워모션 청소기 VC44M3150LB,0,0,0,0,0,0,0,120,60,0,0,0,180
무이자 아이넥스 솔리드 멀티 식기건조대,0,0,0,0,0,0,180,0,0,0,0,0,180
무이자 키친플라워 대용량 에어프라이어 5.8L,0,0,0,0,0,0,0,0,0,0,0,180,180
발레리 라이크라 풀커버 컴포트핏 브라패키지(16차),0,0,0,0,0,0,0,0,0,180,0,0,180
베지밀 검은콩 두유  96팩,60,0,0,0,0,0,0,0,60,0,0,60,180
보루네오 심플 광폭 서랍장 1000 5단,0,0,0,0,0,0,0,0,60,60,60,0,180
보루네오 심플 광폭 서랍장 800 3단,0,0,0,0,0,0,0,0,60,60,60,0,180
보루네오 심플 광폭 서랍장 800 5단,0,0,0,0,0,0,0,0,60,60,60,0,180
보코 리버시블 패딩점퍼,0,0,0,0,0,0,0,0,0,0,180,0,180
사운드룩  LP턴테이블 오디오 SLT-7080BT,0,0,0,0,0,0,0,0,0,120,60,0,180
사운드룩 올인원 LP턴테이블 오디오 SLT-5080PRO,0,0,0,0,0,0,0,0,0,120,60,0,180
생쥴랑 18K코코 천연다이아 목걸이,0,0,0,0,0,0,0,0,0,180,0,0,180
생쥴랑 18K코코 천연다이아 목걸이팔찌 세트,0,0,0,0,0,0,0,0,0,180,0,0,180
생쥴랑 18K코코 천연다이아 팔찌,0,0,0,0,0,0,0,0,0,180,0,0,180
실크트리 풍기인견 썸머 풀코디 이지웨어세트,0,0,0,0,0,60,60,60,0,0,0,0,180
실크트리 풍기인견 쿨란쥬 패키지(19SS),0,0,0,0,120,0,60,0,0,0,0,0,180
아가타 소가죽 데이쿠션로퍼,0,0,0,0,0,0,0,60,120,0,0,0,180
아르테사노 리얼 카이만악어 바디숄더백,0,0,0,0,0,0,0,0,0,0,120,60,180
아르테사노 리얼 카이만악어 테일숄더백,0,0,0,0,0,0,0,0,0,0,120,60,180
아르테사노 리얼 카이만악어 토트백,0,0,0,0,0,0,0,0,0,0,120,60,180
안지 청풍 대자리,0,0,0,0,0,0,120,60,0,0,0,0,180
에트로 뉴컬러 숄더백  (1E552),0,0,0,0,0,0,0,0,120,60,0,0,180
에트로 아르니카 크로스백 (1H503-2388),0,0,0,0,0,0,0,0,120,60,0,0,180
에트로 아르니카 토트백 (1H963-2734),0,0,0,0,0,0,0,0,120,60,0,0,180
에트로 알마 라운드 크로스백 (1H898-8063),0,0,0,0,0,0,0,0,120,60,0,0,180
에트로 프로푸미  웨이스트백 (333-24-192),0,0,0,0,0,0,0,0,120,60,0,0,180
에트로 프로푸미 숄더 & 크로스백 (1495-24-192),0,0,0,0,0,0,0,0,120,60,0,0,180
에트로 프로푸미 크로스백 (1493-24-192),0,0,0,0,0,0,0,0,120,60,0,0,180
오델로 겨울모자 3종 (2차),0,0,0,0,0,0,0,0,0,0,0,180,180
오모떼 레이스홀릭 시즌5 브래팬티10종,0,0,0,0,60,120,0,0,0,0,0,0,180
온라인투어 청도(190615),0,0,0,0,0,180,0,0,0,0,0,0,180
온라인투어 태항산(190823) 상담예약,0,0,0,0,0,0,0,180,0,0,0,0,180
월드컵 남성 방한 트레킹화 + 패딩슈즈 2종,0,0,0,0,0,0,0,0,0,0,0,180,180
월드컵 여성 방한 트레킹화 + 패딩슈즈 2종,0,0,0,0,0,0,0,0,0,0,0,180,180
유귀열의 The 귀한 치마살,0,0,0,0,0,0,0,120,60,0,0,0,180
"이경제원장의 더 힘찬 선식 100, 13박스+쉐이커통",0,0,0,0,0,120,60,0,0,0,0,0,180
이동수골프 남성 원더 플렉스 본딩팬츠 3종,0,0,0,0,0,0,0,0,0,0,0,180,180
이동수골프 여성 원더 플렉스 본딩팬츠 3종,0,0,0,0,0,0,0,0,0,0,0,180,180
일시불 삼성 5도어 냉장고 H9000 RH81M8011S9,0,0,0,180,0,0,0,0,0,0,0,0,180
일시불 삼성 파워모션 청소기 VC44M3150LB,0,0,0,0,0,0,0,120,60,0,0,0,180
일시불 아이넥스 솔리드 멀티 식기건조대,0,0,0,0,0,0,180,0,0,0,0,0,180
일시불 키친플라워 대용량 에어프라이어 5.8L,0,0,0,0,0,0,0,0,0,0,0,180,180
일시불 해피콜  IH 진공 스텐 냄비,0,0,0,0,0,0,0,60,120,0,0,0,180
전철우 소갈비살구이 10팩,180,0,0,0,0,0,0,0,0,0,0,0,180
종근당건강 프로메가 오메가3 파워,0,120,60,0,0,0,0,0,0,0,0,0,180
"창녕 마늘양파듬뿍삼계탕 1kg, 6팩",0,0,0,0,0,0,120,60,0,0,0,0,180
크로커다일 에어스킨 감탄브라 패키지(CD19차),0,0,0,0,0,40,140,0,0,0,0,0,180
크리스티나앤코 리버시블 패딩,0,0,0,0,0,0,0,0,0,0,0,180,180
크린조이 황사 방역마스크 대형 105매,60,120,0,0,0,0,0,0,0,0,0,0,180
크린조이 황사 방역마스크 소형 105매,60,120,0,0,0,0,0,0,0,0,0,0,180
특집  이롬 황성주1일1생식 스페셜,0,120,60,0,0,0,0,0,0,0,0,0,180
파뷔에 더온 세라믹 냄비세트,0,0,0,0,0,0,0,0,120,60,0,0,180
파시노 이지앤퀵 빗살 뿌리펌,0,120,60,0,0,0,0,0,0,0,0,0,180
팜스프링스 남성 패딩팬츠 3종,0,0,0,0,0,0,0,0,0,0,0,180,180
팜스프링스 여성 패딩팬츠 3종,0,0,0,0,0,0,0,0,0,0,0,180,180
푸마 DRY-CELL 에센셜 브라팬티 7세트(복합구성),0,0,0,0,0,0,180,0,0,0,0,0,180
푸마 DRY-CELL 에센셜 브라팬티 7세트(스킨구성),0,0,0,0,0,0,180,0,0,0,0,0,180
푸마 드라이셀 브라탑 4종세트(끈형),0,0,180,0,0,0,0,0,0,0,0,0,180
푸마 드라이셀 브라탑 4종세트(런닝형),0,0,180,0,0,0,0,0,0,0,0,0,180
푸마 드라이셀 컴포트 탑 레이어 브라탑 4종세트(긴팔형),0,0,180,0,0,0,0,0,0,0,0,0,180
푸마 드라이셀라인 뉴 런닝 9종,180,0,0,0,0,0,0,0,0,0,0,0,180
푸마 코튼 라이크라 드로즈 12종,180,0,0,0,0,0,0,0,0,0,0,0,180
하나투어 중남미 페루일주 (191001) 상담예약,0,0,0,0,0,0,0,0,0,180,0,0,180
해피콜엑슬림블렌더,0,0,0,0,0,0,0,0,0,0,180,0,180
헤스티지 린넨블랜딩 티블라우스 5종,0,0,0,0,0,120,60,0,0,0,0,0,180
 블랙모어스 알티지 오메가3 3병 (53주분),0,0,0,0,0,0,0,0,0,120,59,0,179
CERINI by PAT 남성 기모 릴렉스팬츠,0,0,0,0,0,0,0,0,0,0,0,177,177
CERINI by PAT 남성 어반 릴렉스 팬츠3종,0,0,0,0,0,0,0,0,120,57,0,0,177
am마카롱 보온병세트,0,0,0,0,0,0,0,0,0,0,0,177,177
마리끌레르 파리컬렉션 리얼 하이드로 립스틱(리뉴얼),117,60,0,0,0,0,0,0,0,0,0,0,177
오모떼 모달 웜 이너웨어 6종세트,0,0,0,0,0,0,0,0,0,60,117,0,177
제주 한라봉2박스+천혜향1박스,177,0,0,0,0,0,0,0,0,0,0,0,177
테이트 남성 기모티셔츠6종,177,0,0,0,0,0,0,0,0,0,0,0,177
테이트 여성 기모티셔츠6종,177,0,0,0,0,0,0,0,0,0,0,0,177
1세트 센티멘탈 디퓨저골드,0,0,0,0,0,0,0,0,0,60,56,60,176
5세트 센티멘탈 디퓨저골드패키지,0,0,0,0,0,0,0,0,0,60,56,60,176
[헤스티지] 남성 스타디움 자켓,0,0,0,0,0,0,0,0,0,0,176,0,176
[헤스티지] 여성 스타디움 자켓,0,0,0,0,0,0,0,0,0,0,176,0,176
바두기 무선 에어 바리캉,0,0,0,0,0,0,0,0,60,116,0,0,176
벨라홈 릴렉스 체어,0,60,0,0,60,0,0,0,0,0,56,0,176
보몽드 헤르만 착번아웃 극세사 침구세트 K(킹),0,0,0,0,0,0,0,0,0,60,116,0,176
보몽드 헤르만 착번아웃 극세사 침구세트 Q(퀸),0,0,0,0,0,0,0,0,0,60,116,0,176
보몽드 헤르만 착번아웃 극세사 침구세트 SK(슈퍼킹),0,0,0,0,0,0,0,0,0,60,116,0,176
보몽드 헤르만 착번아웃 극세사 침구세트 SS(슈퍼싱글),0,0,0,0,0,0,0,0,0,60,116,0,176
삭루츠 F/W 버켓 백(TQ18),0,0,0,0,0,0,0,0,0,176,0,0,176
삭루츠 F/W 크로스바디 백(TQ12),0,0,0,0,0,0,0,0,0,176,0,0,176
삭루츠 F/W 투웨이 백팩 (TQ55),0,0,0,0,0,0,0,0,0,176,0,0,176
CERINI by PAT 남성 어반 카라 티셔츠 4종,0,0,115,60,0,0,0,0,0,0,0,0,175
[페플럼제이] 19Fall' 소프트 루즈 니트 풀오버 4종,0,0,0,0,0,0,0,60,115,0,0,0,175
무)자미코코 3단 매트릭스 더블,0,0,0,0,0,0,175,0,0,0,0,0,175
무)자미코코 3단 매트릭스 싱글,0,0,0,0,0,0,175,0,0,0,0,0,175
오모떼 리얼스킨 쉐이핑 브라팬티,120,0,0,55,0,0,0,0,0,0,0,0,175
일)자미코코 3단 매트릭스 더블,0,0,0,0,0,0,175,0,0,0,0,0,175
일)자미코코 3단 매트릭스 싱글,0,0,0,0,0,0,175,0,0,0,0,0,175
국내제작 김병지 고밀도  풀확장 코일카매트,0,0,0,0,0,0,0,0,58,56,0,60,174
보몽드 순면60수 피그먼트워싱 침구세트 K,0,0,0,120,53,0,0,0,0,0,0,0,173
보몽드 순면60수 피그먼트워싱 침구세트 Q,0,0,0,120,53,0,0,0,0,0,0,0,173
보몽드 순면60수 피그먼트워싱 침구세트 SS,0,0,0,120,53,0,0,0,0,0,0,0,173
타운젠트 남성 썸머 정장팬츠3종,0,0,0,0,120,53,0,0,0,0,0,0,173
푸마 남아 주니어 기능성 데일리 홈웨어세트,0,0,0,0,173,0,0,0,0,0,0,0,173
푸마 여아 주니어 기능성 데일리 홈웨어세트,0,0,0,0,173,0,0,0,0,0,0,0,173
프리미엄 클린샤워,0,0,0,0,0,0,0,0,0,0,113,57,170
세인트스코트 얼티밋 캐리어 7종 세트(백팩),113,56,0,0,0,0,0,0,0,0,0,0,169
김병지 거미손 풀확장 일체형 코일카매트,0,0,56,110,0,0,0,0,0,0,0,0,166
김병만의 정글피싱  낚시세트,0,0,56,109,0,0,0,0,0,0,0,0,165
무이자[가이거] 무빙스타 다이아몬드 워치,0,0,56,109,0,0,0,0,0,0,0,0,165
일시불[가이거] 무빙스타 다이아몬드 워치,0,0,56,109,0,0,0,0,0,0,0,0,165
뱅뱅 남성 구스다운 2종(ARS),0,0,0,0,0,0,0,0,0,120,40,0,160
뱅뱅 여성 구스다운 2종(ARS),0,0,0,0,0,0,0,0,0,120,40,0,160
코튼데이 유기농 순면 마스크 KF94 60매,0,0,120,40,0,0,0,0,0,0,0,0,160
무이자 센스락무선진공포장기,0,0,0,0,0,0,0,0,0,60,97,0,157
일시불 센스락무선진공포장기,0,0,0,0,0,0,0,0,0,60,97,0,157
안타고 만능 가스그릴,0,0,0,0,0,0,120,35,0,0,0,0,155
에이유플러스 슈퍼선스틱 1001(쇼퍼백),0,0,0,155,0,0,0,0,0,0,0,0,155
NEW프리미엄 TS샴푸/트리트먼트(추가),0,0,0,60,86,0,0,0,0,0,0,0,146
NEW프리미엄 TS샴푸세트(추가),0,0,0,60,86,0,0,0,0,0,0,0,146
코지마 손목형 자동전자 혈압계 CBP-160,0,0,0,0,0,0,0,0,0,0,100,37,137
콜라겐3.2 아임파인 (3개월),0,0,0,0,0,0,0,0,0,0,136,0,136
콜라겐3.2 아임파인 (6개월),0,0,0,0,0,0,0,0,0,0,136,0,136
코몽트 남성 이너티셔츠6종,0,0,0,0,0,126,0,0,0,0,0,0,126
 메디아글램 카이만엠보 소가죽 체인숄더백 (+클러치백+폼폼이),0,0,0,0,0,0,0,0,0,0,60,60,120
 메디아글램 카이만엠보 소가죽 토트백 (+클러치백+폼폼이),0,0,0,0,0,0,0,0,0,0,60,60,120
(렌탈) 헬스리아 반신욕기,0,0,0,0,0,0,0,0,0,0,0,120,120
(무)[안드레아바나]리얼카이만 악어 토트백,0,0,0,120,0,0,0,0,0,0,0,0,120
(무)보루네오 유로탑 가죽 침대 슈퍼싱글,0,0,0,120,0,0,0,0,0,0,0,0,120
(무)보루네오 유로탑 가죽 침대 퀸,0,0,0,120,0,0,0,0,0,0,0,0,120
(무)보루네오 유로탑 가죽 침대 킹,0,0,0,120,0,0,0,0,0,0,0,0,120
(무)장수흙침대 Q,0,0,0,60,60,0,0,0,0,0,0,0,120
(무)장수흙침대 S,0,0,0,60,60,0,0,0,0,0,0,0,120
(무)한샘 모데나 프리미엄 슬라이딩 붙박이장(2.2m),0,0,0,0,60,60,0,0,0,0,0,0,120
(무)한샘 모데나 프리미엄 슬라이딩 붙박이장(3.2m),0,0,0,0,60,60,0,0,0,0,0,0,120
(무)한샘 모데나 프리미엄 슬라이딩 붙박이장(4.2m),0,0,0,0,60,60,0,0,0,0,0,0,120
(무이자) 라니 퍼니쿡 그릴 기본세트,0,0,0,0,0,0,0,0,0,120,0,0,120
(무이자) 라니 퍼니쿡 그릴 풀세트,0,0,0,0,0,0,0,0,0,120,0,0,120
(무이자)엘렌실라&코즈미 쑥클렌져(단하루),0,0,0,0,0,0,0,0,0,0,0,120,120
(삼성카드 6월 5%)무이자 LG 울트라HD TV 75UK6200KNB,0,0,0,0,0,120,0,0,0,0,0,0,120
(일)보루네오 유로탑 가죽 침대 슈퍼싱글,0,0,0,120,0,0,0,0,0,0,0,0,120
(일)보루네오 유로탑 가죽 침대 퀸,0,0,0,120,0,0,0,0,0,0,0,0,120
(일)보루네오 유로탑 가죽 침대 킹,0,0,0,120,0,0,0,0,0,0,0,0,120
(일)장수흙침대 Q,0,0,0,60,60,0,0,0,0,0,0,0,120
(일)장수흙침대 S,0,0,0,60,60,0,0,0,0,0,0,0,120
(일)한샘 모데나 프리미엄 슬라이딩 붙박이장(2.2m),0,0,0,0,60,60,0,0,0,0,0,0,120
(일)한샘 모데나 프리미엄 슬라이딩 붙박이장(3.2m),0,0,0,0,60,60,0,0,0,0,0,0,120
(일)한샘 모데나 프리미엄 슬라이딩 붙박이장(4.2m),0,0,0,0,60,60,0,0,0,0,0,0,120
(일시불) 라니 퍼니쿡 그릴 기본세트,0,0,0,0,0,0,0,0,0,120,0,0,120
(일시불) 라니 퍼니쿡 그릴 풀세트,0,0,0,0,0,0,0,0,0,120,0,0,120
(일시불)엘렌실라&코즈미 쑥클렌져(단하루),0,0,0,0,0,0,0,0,0,0,0,120,120
(점보특대형)일월 온수 카페트매트,0,0,0,0,0,0,0,0,120,0,0,0,120
(점보형)일월 온수 카페트매트,0,0,0,0,0,0,0,0,120,0,0,0,120
(중형)일월 온수 카페트매트,0,0,0,0,0,0,0,0,120,0,0,0,120
1+1보국미니히터(화이트+레드)BKH-1083P +BKH-1083PR,0,0,0,0,0,0,0,0,0,60,60,0,120
1+1보국미니히터(화이트+화이트 )BKH-1083P+BKH-1083P,0,0,0,0,0,0,0,0,0,60,60,0,120
2019년형 글라스락 퍼플  클래식 유리밀폐용기세트 (8조),0,0,0,0,120,0,0,0,0,0,0,0,120
2019년형 글라스락 퍼플클래식 유리밀폐용기 1+1세트(16조+4조),0,0,0,0,120,0,0,0,0,0,0,0,120
AAC 한우소머리 곰탕,0,0,0,0,0,0,0,0,0,0,0,120,120
AAC 한우소머리양곰탕,0,0,0,0,0,0,0,0,0,0,0,120,120
AAC한우소머리곰탕양곰탕세트,0,0,0,0,0,0,0,0,0,0,0,120,120
AAD 도트펀칭 컴포트 슬립온,0,0,0,0,0,0,0,120,0,0,0,0,120
K-SWISS 남성기모티셔츠 5종,120,0,0,0,0,0,0,0,0,0,0,0,120
K-SWISS 여성기모티셔츠 5종,120,0,0,0,0,0,0,0,0,0,0,0,120
KF94 엔웰스황사방역마스크 100매,0,0,0,0,0,0,0,0,0,0,0,120,120
LG생활건강 샤프란아우라 고농축 섬유유연제,0,0,0,0,0,0,0,0,0,0,0,120,120
SK매직 파워워시 식기세척기 터치온,0,0,0,0,0,0,0,0,120,0,0,0,120
TCOM_관절염 치료 의료기기 닥터88,0,0,0,0,0,0,60,0,0,60,0,0,120
"TCOM_아이러너 런닝머신 렌탈(x1,x3)",0,0,0,0,0,0,0,0,60,60,0,0,120
USPA화이트라벨 남성기모티3종,0,0,0,0,0,0,0,0,0,120,0,0,120
USPA화이트라벨 여성기모티3종,0,0,0,0,0,0,0,0,0,120,0,0,120
[12.5m x 1롤]월시스 스티커식 실크벽지,0,0,0,0,0,0,0,0,0,0,120,0,120
[12.5m x 2롤]월시스 스티커식 실크벽지,0,0,0,0,0,0,0,0,0,0,120,0,120
[12.5m x 3롤]월시스 스티커식 실크벽지,0,0,0,0,0,0,0,0,0,0,120,0,120
[EXR] 19 F/W 남성 멀티패키지 3종 세트,0,0,0,0,0,0,0,0,60,60,0,0,120
[EXR] 19 F/W 여성 멀티패키지 3종 세트,0,0,0,0,0,0,0,0,60,60,0,0,120
[K-SWISS] 19F/W 남성 웜테크 벤치코트,0,0,0,0,0,0,0,0,0,0,120,0,120
[K-SWISS] 19F/W 여성 웜테크 벤치코트,0,0,0,0,0,0,0,0,0,0,120,0,120
[SET]이조농방 보령황토 흙침대 퀸사이즈+카우치소파,0,0,0,0,0,0,0,0,0,60,0,60,120
[가격인하]전철우 소갈비살구이 10팩,0,0,0,0,120,0,0,0,0,0,0,0,120
[농협] 대학 찰 옥수수 10봉(30개),120,0,0,0,0,0,0,0,0,0,0,0,120
[루이띠에] 18k 인피니티 러브 귀걸이,0,0,0,0,0,0,0,60,0,60,0,0,120
[루이띠에] 18k 인피니티 러브 반지,0,0,0,0,0,0,0,60,0,60,0,0,120
[루이띠에] 18k 인피니티 러브 팔찌,0,0,0,0,0,0,0,60,0,60,0,0,120
[루이띠에] 18k 인피니티러브 목걸이,0,0,0,0,0,0,0,60,0,60,0,0,120
[루이띠에] 18k 인피니티러브 목걸이 팔찌 세트,0,0,0,0,0,0,0,60,0,60,0,0,120
[루이띠에] 18k 인피니티러브 주얼리 세트,0,0,0,0,0,0,0,60,0,60,0,0,120
[루이띠에] 18k 인피니티러브 팔찌 반지 세트,0,0,0,0,0,0,0,60,0,60,0,0,120
[수협] 자연산 제주 옥돔 + 갈치 세트,120,0,0,0,0,0,0,0,0,0,0,0,120
[슬로푸드] 도라지 품은 산돌배즙  6박스 (80g x 10포 x 6박스),0,0,0,0,0,0,0,0,0,0,60,60,120
[완벽더블]오모떼 모달 웜 이너웨어 3세트+3세트,0,0,0,0,0,0,0,0,0,0,0,120,120
[유리진] 19Fall 코튼블렌딩 실켓티블라우스5종,0,0,0,0,0,0,0,60,60,0,0,0,120
[통영바다의보물] 국내산 냉동 참굴 200g x (10팩+2팩),0,0,0,0,0,0,0,0,0,0,0,120,120
갈란테 프리미엄 에디션(남성화 3종 + 면도기 1종),0,0,0,0,0,0,0,0,60,60,0,0,120
거창특등급사과 5kg+5kg,0,0,0,0,0,0,0,0,0,40,40,40,120
국내산 신안생물 생새우 1.2kg,0,0,0,0,0,0,0,0,0,0,120,0,120
국내생산 스텐락 심플 스텐밀폐용기 17종,60,60,0,0,0,0,0,0,0,0,0,0,120
그렉노먼 남성 아스킨 레이어 티셔츠 3종,0,0,0,120,0,0,0,0,0,0,0,0,120
그렉노먼 여성 아스킨 레이어 티셔츠 3종,0,0,0,120,0,0,0,0,0,0,0,0,120
까사마루 멀티행거 1세트,0,0,0,0,0,0,0,0,0,0,60,60,120
까사마루 멀티행거 2세트,0,0,0,0,0,0,0,0,0,0,60,60,120
까사마루 접이식 벤치 의자(2인),0,0,0,0,0,0,0,0,0,0,0,120,120
까사마루 접이식 의자,0,0,0,0,0,0,0,0,0,0,0,120,120
까사마루 접이식 테이블 세트,0,0,0,0,0,0,0,0,0,0,0,120,120
까사마루 접이식 테이블 세트(1+1세트),0,0,0,0,0,0,0,0,0,0,0,120,120
남영비비안 로즈버드 시그니처 볼륨 보정 브라패키지,0,0,0,0,60,60,0,0,0,0,0,0,120
네페르티티 유기농 퀸 석류즙 6박스,0,0,60,0,60,0,0,0,0,0,0,0,120
뉴욕맘 순면100% 목화솜행주,0,0,0,0,120,0,0,0,0,0,0,0,120
뉴트리원 다이어트 구미 시즌2,0,0,0,0,0,0,0,0,0,0,60,60,120
달바 화이트 트러플 퍼스트 인텐시브 세럼,0,120,0,0,0,0,0,0,0,0,0,0,120
대명아임레디 더행복한플랜(싱글),0,0,0,0,0,0,0,0,60,0,0,60,120
대웅모닝컴 굿템 스탠드선풍기2대,0,0,0,0,0,60,60,0,0,0,0,0,120
더블유베일 풀스킨 폭스카라 머스크랫 코트,120,0,0,0,0,0,0,0,0,0,0,0,120
더커진거창특등급사과 5kg+5kg,0,0,0,0,0,0,0,0,0,40,40,40,120
램프쿡 자동회전냄비,0,0,0,0,0,0,0,0,0,0,0,120,120
레이프릴 더블엑스 매직니퍼팬티(FW리뉴얼),120,0,0,0,0,0,0,0,0,0,0,0,120
로베르타 디 까메리노 360커브드 지퍼 쉐이핑 란쥬,60,60,0,0,0,0,0,0,0,0,0,0,120
로베르타 디 까메리노 수피마 코튼 프리컷 브라팬티,0,0,0,120,0,0,0,0,0,0,0,0,120
로벤탈 국내산  IH 실버팬 세트,120,0,0,0,0,0,0,0,0,0,0,0,120
리복 스피드윅 에어리라이트 브라 & 숏츠 패키지,0,0,0,0,0,0,120,0,0,0,0,0,120
마리노블 밍크 롱코트(역시즌),0,0,0,0,0,0,0,120,0,0,0,0,120
마이클코어스 소피아 라지 사첼,0,0,0,0,0,0,0,0,0,0,0,120,120
마이클코어스 젯셋 아이템 라지 체인 숄더,0,0,0,0,0,0,0,0,0,0,0,120,120
메디아글램 카이만엠보 소가죽 체인숄더백 (+클러치백+폼폼이),0,0,0,0,0,0,0,0,0,120,0,0,120
메디아글램 카이만엠보 소가죽 토트백 (+클러치백+폼폼이),0,0,0,0,0,0,0,0,0,120,0,0,120
메이듀 골드링 펌프스 + 베이직 펌프스 2종,0,0,0,0,0,0,0,0,60,60,0,0,120
목우촌 1등급 오리로스 18팩,0,0,0,0,0,0,0,0,60,60,0,0,120
무) 한샘 하이바스 내추럴 기본형,0,0,60,60,0,0,0,0,0,0,0,0,120
무)이누스바스 시공패키지,0,0,0,0,60,60,0,0,0,0,0,0,120
무)한샘 하이바스 내추럴 기본형 + 키큰장,0,0,60,60,0,0,0,0,0,0,0,0,120
무)한샘 하이바스 내추럴 하부장 + 키큰장,0,0,60,60,0,0,0,0,0,0,0,0,120
무)한샘 하이바스 내추럴 하부장형,0,0,60,60,0,0,0,0,0,0,0,0,120
무이자 LG 노트북 그램 15인치 15Z980-G.AR3DK,0,120,0,0,0,0,0,0,0,0,0,0,120
무이자 LG 노트북 그램 15인치 15Z980-L.AR1DK,0,120,0,0,0,0,0,0,0,0,0,0,120
무이자 LG 코드제로 무선청소기 A930 (A938RA)싱글팩,0,0,120,0,0,0,0,0,0,0,0,0,120
무이자 LG 코드제로 무선청소기 A940 (A948SA) 더블팩,0,0,120,0,0,0,0,0,0,0,0,0,120
무이자 LG 코드제로 무선청소기 A950 (A958IA) 더블팩,0,0,120,0,0,0,0,0,0,0,0,0,120
무이자 LG 퓨리케어 공기청정기 AS181DAW,0,0,120,0,0,0,0,0,0,0,0,0,120
무이자 LG 퓨리케어 공기청정기 AS281DAW,0,0,120,0,0,0,0,0,0,0,0,0,120
무이자 PN풍년꾸노죽제조기,0,0,0,0,0,0,0,0,0,120,0,0,120
무이자 대우전자 미니건조기 DWR-03IDDC,120,0,0,0,0,0,0,0,0,0,0,0,120
무이자 대우전자 미니건조기 DWR-03IDWH,120,0,0,0,0,0,0,0,0,0,0,0,120
무이자 마이베비 보온보냉 캔틴 텀블러 풀세트,0,0,0,0,60,0,60,0,0,0,0,0,120
무이자 삼성 4도어 냉장고 T9000 RF84R9003S8+공기청정기,0,0,0,0,0,0,0,0,0,0,0,120,120
무이자 삼성 4도어 푸드쇼케이스 냉장고 RH81R8011G2 (+선풍기),0,0,0,0,0,0,0,120,0,0,0,0,120
무이자 삼성 국내제조 4도어 푸드쇼케이스 냉장고 RH81R8011G2 (+청소기),0,0,0,0,0,0,0,0,0,120,0,0,120
무이자 삼성 무풍클래식 스탠드에어컨 AF17R7573WZK,0,0,0,0,0,0,60,60,0,0,0,0,120
무이자 삼성 무풍클래식 스탠드에어컨AF19R7573WZK,0,0,0,0,0,0,60,60,0,0,0,0,120
무이자 삼성 무풍클래식 홈멀티에어컨 AF17R7573WZR,0,0,0,0,0,0,60,60,0,0,0,0,120
무이자 삼성 무풍클래식 홈멀티에어컨 AF19R7573WZR,0,0,0,0,0,0,60,60,0,0,0,0,120
무이자 삼성 블루스카이 공기청정기 7000 AX80R7580WDD,0,0,120,0,0,0,0,0,0,0,0,0,120
무이자 에버홈 대형 스텐 믹서기 + 마늘박피,0,0,0,0,0,0,0,0,0,0,60,60,120
무이자 오스터 멀티  텀블러 블랜더,0,0,0,0,60,60,0,0,0,0,0,0,120
무이자 초특가 삼성5도어냉장고 T9000(RF84R9203S8) +시카고커트러리5p세트,0,0,0,0,0,0,0,0,0,0,0,120,120
무이자 쿠첸인버터전자레인지 (COV-i230KGF),0,0,0,0,0,0,0,0,0,60,60,0,120
무이자 쿠쿠 하이브리드 인덕션레인지(고급형),0,120,0,0,0,0,0,0,0,0,0,0,120
무이자 쿠쿠 하이브리드 인덕션레인지(프리미엄형),0,120,0,0,0,0,0,0,0,0,0,0,120
무이자 휴롬 퀵스퀴저,0,0,0,0,0,0,60,60,0,0,0,0,120
바다먹자 국내산 손질문어 9팩,0,0,120,0,0,0,0,0,0,0,0,0,120
바치 소가죽 기능성 마술벨트,0,0,0,0,0,0,0,0,120,0,0,0,120
뱅뱅 남성 구스다운 2종,0,0,0,0,0,0,0,0,120,0,0,0,120
뱅뱅 남성 아웃도어 팬츠3종(2018 S/S),0,0,0,0,0,120,0,0,0,0,0,0,120
뱅뱅 남성 크롭 아웃도어 팬츠3종(2019 S/S),0,0,0,0,0,0,120,0,0,0,0,0,120
뱅뱅 여성 구스다운 2종,0,0,0,0,0,0,0,0,120,0,0,0,120
뱅뱅 여성 아웃도어 팬츠3종(2018 S/S),0,0,0,0,0,120,0,0,0,0,0,0,120
뱅뱅 여성 크롭 아웃도어 팬츠3종(2019 S/S),0,0,0,0,0,0,120,0,0,0,0,0,120
벨라홈 논슬립 옷걸이 세트 1+1,0,60,60,0,0,0,0,0,0,0,0,0,120
벨라홈 스마트 멀티포트 1+1 세트,0,0,0,0,0,0,0,0,0,0,0,120,120
보몽드 엘리 소프트플란넬 침구세트 K(킹),0,0,0,0,0,0,0,0,60,60,0,0,120
보몽드 엘리 소프트플란넬 침구세트 Q(퀸),0,0,0,0,0,0,0,0,60,60,0,0,120
보몽드 엘리 소프트플란넬 침구세트 SK(슈퍼킹),0,0,0,0,0,0,0,0,60,60,0,0,120
보몽드 엘리 소프트플란넬 침구세트 SS(슈퍼싱글),0,0,0,0,0,0,0,0,60,60,0,0,120
보코 니트웨어 풀코디,60,0,60,0,0,0,0,0,0,0,0,0,120
보코 썸머 풀코디 2종,0,0,0,0,120,0,0,0,0,0,0,0,120
보코 여성 티 블라우스 3종,0,0,0,0,0,60,60,0,0,0,0,0,120
보코 쿨썸머 메쉬 앙상블,0,0,0,0,0,60,60,0,0,0,0,0,120
블루콤 데시벨 블루투스이어폰 BCS-A1,0,0,0,0,0,0,0,60,60,0,0,0,120
블루콤 데시벨 블루투스이어폰 BCS-S1000,0,0,0,0,0,0,0,60,60,0,0,0,120
뽕셰프 이봉원 특갈비탕 12팩,120,0,0,0,0,0,0,0,0,0,0,0,120
센스톰알파청소기,0,0,0,0,0,0,0,0,0,60,60,0,120
셀렉프로 뚝배기 전기밥솥(멀티쿠커),0,0,0,0,0,0,0,0,0,0,0,120,120
스칼프솔루션 트리트먼트 패키지,120,0,0,0,0,0,0,0,0,0,0,0,120
스포메틱스 그린 네츄럴 선쿠션,0,0,0,0,120,0,0,0,0,0,0,0,120
썸덱스 쉬룰 데일리 백팩 5종 세트,0,0,0,0,0,60,0,60,0,0,0,0,120
씨엔지코리아 방역용마스크 KF94 60매,120,0,0,0,0,0,0,0,0,0,0,0,120
아리스토우 남성오가닉티셔츠,0,0,40,80,0,0,0,0,0,0,0,0,120
아리스토우 여성오가닉티셔츠,0,0,40,80,0,0,0,0,0,0,0,0,120
에르나벨 체크배색 데일리 트렌치코트,0,0,120,0,0,0,0,0,0,0,0,0,120
에버홈 직화그릴,120,0,0,0,0,0,0,0,0,0,0,0,120
에코라믹 데일리 프라이팬 1+1 세트,0,0,0,0,0,0,0,120,0,0,0,0,120
에코라믹 데일리 프라이팬세트,0,0,0,0,0,0,0,120,0,0,0,0,120
에펨 남성 미들퍼부츠,60,60,0,0,0,0,0,0,0,0,0,0,120
에펨 여성 미들퍼부츠,60,60,0,0,0,0,0,0,0,0,0,0,120
영산포숙성 홍어 9팩,0,0,0,0,0,0,0,120,0,0,0,0,120
예천청결 고춧가루 2kg,0,0,0,0,0,0,0,60,60,0,0,0,120
오가닉뷰티 쿨 번아웃 레이스 브라세트,0,0,0,0,0,0,0,120,0,0,0,0,120
오가닉뷰티 황후의 코르셋 리얼 쉐이핑 팬티 8종 패키지,0,0,0,0,0,0,0,0,0,0,60,60,120
오델로 2019 여성용 여름모자 3종,0,0,0,0,0,0,0,120,0,0,0,0,120
오렐리안 풍기인견 란쥬패키지(7월),0,0,0,0,0,0,120,0,0,0,0,0,120
오모떼 드레스핏 웜 쉐이퍼 패키지,0,0,0,0,0,0,0,0,0,0,100,20,120
오모떼 미라클쉐이핑 브라팬티 시즌4,0,0,0,0,0,0,0,120,0,0,0,0,120
온라인투어 미동부/캐나다 (190608),0,0,0,0,0,120,0,0,0,0,0,0,120
온라인투어 하와이 6일(190504),0,0,0,0,120,0,0,0,0,0,0,0,120
온라인투어 호주/뉴질랜드(190427),0,0,0,120,0,0,0,0,0,0,0,0,120
온라인투어 호주/오클랜드(190622),0,0,0,0,0,120,0,0,0,0,0,0,120
우리바다 손질왕꼬막 20팩,0,0,120,0,0,0,0,0,0,0,0,0,120
월드컵 19 F/W 남성 에어러닝화,0,0,0,0,0,0,0,0,0,60,60,0,120
월드컵 19 F/W 여성 에어러닝화,0,0,0,0,0,0,0,0,0,60,60,0,120
월드컵 남성 트레킹화 + 에어러닝화 2종,0,0,0,0,0,0,0,0,120,0,0,0,120
월드컵 여성 트레킹화 + 에어러닝화 2종,0,0,0,0,0,0,0,0,120,0,0,0,120
"유귀열의 The 귀한 갓김치4kg+오이소박이2kg, 총6kg",0,0,0,0,0,0,0,0,60,60,0,0,120
이조농방 보령황토 흙침대 싱글사이즈(TS100),0,0,0,0,0,0,0,0,0,60,0,60,120
이조농방 보령황토 흙침대 퀸사이즈(TQ100),0,0,0,0,0,0,0,0,0,60,0,60,120
이조농방 보령황토 흙카우치소파(TC100),0,0,0,0,0,0,0,0,0,60,0,60,120
이지스 자외선 마스크 세트,0,0,0,0,0,120,0,0,0,0,0,0,120
일)이누스바스 시공패키지,0,0,0,0,60,60,0,0,0,0,0,0,120
일)한샘 하이바스 내추럴 기본형,0,0,60,60,0,0,0,0,0,0,0,0,120
일)한샘 하이바스 내추럴 기본형 + 키큰장,0,0,60,60,0,0,0,0,0,0,0,0,120
일)한샘 하이바스 내추럴 하부장 + 키큰장,0,0,60,60,0,0,0,0,0,0,0,0,120
일)한샘 하이바스 내추럴 하부장형,0,0,60,60,0,0,0,0,0,0,0,0,120
일시불 LG 노트북 그램 15인치 15Z980-G.AR3DK,0,120,0,0,0,0,0,0,0,0,0,0,120
일시불 LG 노트북 그램 15인치 15Z980-L.AR1DK,0,120,0,0,0,0,0,0,0,0,0,0,120
일시불 LG 코드제로 무선청소기 A930 (A938RA)싱글팩,0,0,120,0,0,0,0,0,0,0,0,0,120
일시불 LG 코드제로 무선청소기 A940 (A948SA) 더블팩,0,0,120,0,0,0,0,0,0,0,0,0,120
일시불 LG 코드제로 무선청소기 A950 (A958IA) 더블팩,0,0,120,0,0,0,0,0,0,0,0,0,120
일시불 LG 퓨리케어 공기청정기 AS181DAW,0,0,120,0,0,0,0,0,0,0,0,0,120
일시불 LG 퓨리케어 공기청정기 AS281DAW,0,0,120,0,0,0,0,0,0,0,0,0,120
일시불 PN풍년꾸노죽제조기,0,0,0,0,0,0,0,0,0,120,0,0,120
일시불 국내제조 삼성 4도어 푸드쇼케이스 냉장고 RH81R8011G2 (+청소기),0,0,0,0,0,0,0,0,0,120,0,0,120
일시불 대우전자 미니건조기 DWR-03IDDC,120,0,0,0,0,0,0,0,0,0,0,0,120
일시불 대우전자 미니건조기 DWR-03IDWH,120,0,0,0,0,0,0,0,0,0,0,0,120
일시불 마이베비 보온보냉 캔틴 텀블러 풀세트,0,0,0,0,60,0,60,0,0,0,0,0,120
일시불 삼성 4도어 냉장고 T9000 RF84R9003S8+공기청정기,0,0,0,0,0,0,0,0,0,0,0,120,120
일시불 삼성 4도어 푸드쇼케이스 냉장고 RH81R8011G2 (+선풍기),0,0,0,0,0,0,0,120,0,0,0,0,120
일시불 삼성 무풍클래식 스탠드에어컨 AF17R7573WZK,0,0,0,0,0,0,60,60,0,0,0,0,120
일시불 삼성 무풍클래식 스탠드에어컨 AF19R7573WZK,0,0,0,0,0,0,60,60,0,0,0,0,120
일시불 삼성 무풍클래식 홈멀티에어컨 AF17R7573WZR,0,0,0,0,0,0,60,60,0,0,0,0,120
일시불 삼성 무풍클래식 홈멀티에어컨 AF19R7573WZR,0,0,0,0,0,0,60,60,0,0,0,0,120
일시불 삼성 블루스카이 공기청정기 7000 AX80R7580WDD,0,0,120,0,0,0,0,0,0,0,0,0,120
일시불 삼성5도어냉장고 T9000 (RF84R9203S8) +공기청정기 (AX34R3020WWD),0,0,0,0,0,0,0,0,0,0,0,120,120
일시불 에버홈 대형 스텐 믹서기 + 마늘박피,0,0,0,0,0,0,0,0,0,0,60,60,120
일시불 오스터 멀티 텀블러블랜더,0,0,0,0,60,60,0,0,0,0,0,0,120
일시불 쿠첸인버터전자레인지 (COV-i230KGF),0,0,0,0,0,0,0,0,0,60,60,0,120
일시불 쿠쿠 하이브리드 인덕션레인지(고급형),0,120,0,0,0,0,0,0,0,0,0,0,120
일시불 쿠쿠 하이브리드 인덕션레인지(프리미엄형),0,120,0,0,0,0,0,0,0,0,0,0,120
일시불 휴롬퀵스퀴저,0,0,0,0,0,0,60,60,0,0,0,0,120
자이언트킹랍스터  (점보1미+골든 2미+ 크래커),0,0,0,0,0,0,0,0,0,0,0,120,120
제주 수산물 3종 세트,0,0,0,0,0,0,0,0,60,60,0,0,120
젠트웰 남성 쿨 썸머 티셔츠 4종,0,0,0,0,0,60,60,0,0,0,0,0,120
젠트웰 남성패딩재킷2종세트,0,0,0,0,0,0,0,0,0,0,120,0,120
천연담아 명품다시팩 120포,0,120,0,0,0,0,0,0,0,0,0,0,120
청정수산 완도활전복 大사이즈 20미,0,0,120,0,0,0,0,0,0,0,0,0,120
카파 FW 언더셔츠 6종 패키지,0,0,0,0,0,0,0,0,60,60,0,0,120
캐치온 수퍼나인 블랙박스(1CH),0,0,0,0,0,0,0,0,120,0,0,0,120
캐치온 수퍼나인 블랙박스(2CH),0,0,0,0,0,0,0,0,120,0,0,0,120
코몽트 기모 웜웨어 4종,0,0,0,0,0,0,0,0,0,0,60,60,120
코치 시그니처 레더 켈시 사첼백,0,0,0,0,0,0,0,0,0,0,0,120,120
코치 시그니처 에터 캐리올,0,0,0,0,0,0,0,0,0,0,0,120,120
코펜하겐럭스 코팅밴딩팬츠4종,0,0,0,0,0,0,0,0,0,120,0,0,120
쿠쿠 블랙스톤 전기밥솥 10인용(세일),0,0,0,0,0,0,0,120,0,0,0,0,120
쿠쿠 블랙스톤 전기밥솥 6인용(세일),0,0,0,0,0,0,0,120,0,0,0,0,120
퀸메이드 제로 청소기,0,0,0,0,0,0,0,60,60,0,0,0,120
키친플라워 참소쿠리 1세트,120,0,0,0,0,0,0,0,0,0,0,0,120
키친플라워 참소쿠리 2세트,120,0,0,0,0,0,0,0,0,0,0,0,120
트레스패스 남성 다이얼 트레킹화 세트,0,0,0,120,0,0,0,0,0,0,0,0,120
트레스패스 여성 다이얼 트레킹화 세트,0,0,0,120,0,0,0,0,0,0,0,0,120
파격가 굿프렌드  스트레칭 안마 매트 GOOD-A7,0,0,0,0,0,0,0,0,0,0,0,120,120
파격가 니봇 무선 진공 물걸레 로봇청소기 +뉴헤어드라이어기,0,0,0,0,0,0,0,0,0,0,0,120,120
파뷔에 스페셜 디너세트,0,0,0,0,0,0,0,0,0,0,60,60,120
포항구룡포과메기세트,0,0,0,0,0,0,0,0,0,0,60,60,120
푸마 썸머 드로즈 패키지,0,0,0,0,0,0,120,0,0,0,0,0,120
푸마 썸머 트렁크 패키지,0,0,0,0,0,0,120,0,0,0,0,0,120
푸마 언더셔츠 7종 패키지,0,0,120,0,0,0,0,0,0,0,0,0,120
프라다 투브릿지 선글라스,0,0,0,0,0,0,0,120,0,0,0,0,120
하동 유기농처음매실원액 6통,0,0,0,0,0,60,60,0,0,0,0,0,120
한빛 페르시안스타일 셔닐 카페트 대형,0,0,0,0,0,0,0,0,0,120,0,0,120
한빛 페르시안스타일 셔닐 카페트 점보특대형,0,0,0,0,0,0,0,0,0,120,0,0,120
한빛 페르시안스타일 셔닐 카페트 특대형,0,0,0,0,0,0,0,0,0,120,0,0,120
한세트 보국미니히터(BKH-1083P/ BKH-1083PR),0,0,0,0,0,0,0,0,0,60,60,0,120
헤스티지 린넨블랜딩 티블라우스 10종,0,0,0,0,0,0,0,120,0,0,0,0,120
"황토방 청도 감말랭이 30봉+무료체험1봉, 총 31봉",0,0,0,0,0,0,60,60,0,0,0,0,120
휴테크 안마의자,0,0,0,0,0,0,0,0,0,0,0,120,120
레노마 남성 양가죽 장갑 2종,0,0,0,0,0,0,0,0,0,0,60,57,117
레노마 여성 양가죽/양모 장갑 2종,0,0,0,0,0,0,0,0,0,0,60,57,117
루시헨느 레이스 홀리데이 란쥬 패키지,0,0,0,0,0,0,0,0,0,0,0,117,117
무이자 밸런스파워 플래티늄,0,0,0,0,0,0,0,0,0,0,0,117,117
블랙모어스 알티지 오메가3 3병 (53주분),0,0,0,0,0,0,0,0,0,0,0,117,117
일시불 밸런스파워 플래티늄,0,0,0,0,0,0,0,0,0,0,0,117,117
[실속패키지]레스트업 수액패치(50매),0,0,0,0,0,0,0,0,0,116,0,0,116
[풀패키지]레스트업 수액패치(84매),0,0,0,0,0,0,0,0,0,116,0,0,116
굿프렌드 굿터치클리너,0,0,116,0,0,0,0,0,0,0,0,0,116
굿프렌드 굿터치클리너 1+1,0,0,116,0,0,0,0,0,0,0,0,0,116
뉴웨이 볼륨브러쉬,0,0,0,0,0,0,0,0,0,56,60,0,116
로베르타 디 까메리노 에어 라이트 업 프론트 후크 브라팬티,0,0,0,0,0,0,0,60,0,56,0,0,116
무이자 김병만의 달인 공구 세트,0,0,116,0,0,0,0,0,0,0,0,0,116
보몽드 클라라 소프트플란넬 침구세트 K(킹),0,0,0,0,0,0,0,0,116,0,0,0,116
보몽드 클라라 소프트플란넬 침구세트 Q(퀸),0,0,0,0,0,0,0,0,116,0,0,0,116
보몽드 클라라 소프트플란넬 침구세트 SK(슈퍼킹),0,0,0,0,0,0,0,0,116,0,0,0,116
보몽드 클라라 소프트플란넬 침구세트 SS(슈퍼싱글),0,0,0,0,0,0,0,0,116,0,0,0,116
스포메틱스 리얼핏 모이스춰라이징 코코넛크림,116,0,0,0,0,0,0,0,0,0,0,0,116
에버라스트 제니스 백팩 3종,0,0,0,0,0,0,0,0,0,0,116,0,116
엘렌실라&코즈미 쑥클렌져,0,0,0,0,0,0,0,0,0,116,0,0,116
오렐리안 히트모 스킨컬렉션 기모런닝 패키지,0,0,0,0,0,0,0,0,0,0,60,56,116
일시불 김병만의 달인 공구 세트,0,0,116,0,0,0,0,0,0,0,0,0,116
임페리얼 남성 니트4종,0,0,0,0,0,0,0,0,0,116,0,0,116
임페리얼 여성 니트 4종,0,0,0,0,0,0,0,0,0,116,0,0,116
젠트웰 남성 니트점퍼세트,0,0,0,0,0,0,0,0,0,116,0,0,116
푸마 웜셀(WARM CELL) 데일리 홈웨어 6종 (남성용),0,0,0,0,0,0,0,0,116,0,0,0,116
푸마 웜셀(WARM CELL) 데일리 홈웨어 6종 (여성용),0,0,0,0,0,0,0,0,116,0,0,0,116
프리바이오틱스 3300 12박스(12개월분),0,0,0,0,0,0,0,60,56,0,0,0,116
(무이자)헤드 언더셔츠 6종패키지(7월),0,0,0,0,0,0,115,0,0,0,0,0,115
(일시불)헤드 언더셔츠 6종패키지(7월),0,0,0,0,0,0,115,0,0,0,0,0,115
디키즈 성인 스테디움점퍼세트,0,0,0,115,0,0,0,0,0,0,0,0,115
디키즈 아동 스테디움점퍼세트,0,0,0,115,0,0,0,0,0,0,0,0,115
무이자 2019년 올뉴 숀리 스쿼트머신,0,0,115,0,0,0,0,0,0,0,0,0,115
엘로엘 아쿠아클린 마스크,0,0,0,0,0,0,0,115,0,0,0,0,115
이동수골프 남성 썸머 밴딩팬츠 3종,0,0,0,0,0,0,60,55,0,0,0,0,115
이동수골프 여성 썸머 밴딩팬츠 3종,0,0,0,0,0,0,60,55,0,0,0,0,115
일시불 2019년 올뉴 숀리 스쿼트머신,0,0,115,0,0,0,0,0,0,0,0,0,115
종근당건강 전립쎈 프라임,60,0,55,0,0,0,0,0,0,0,0,0,115
헤드 액티브 브라탑 패키지,0,0,0,0,0,0,60,55,0,0,0,0,115
효재 화원 자수 광목워싱 침구세트 슈퍼싱글,0,0,0,0,0,0,55,60,0,0,0,0,115
효재 화원 자수 광목워싱 침구세트 퀸,0,0,0,0,0,0,55,60,0,0,0,0,115
효재 화원 자수 광목워싱 침구세트 킹,0,0,0,0,0,0,55,60,0,0,0,0,115
푸마 웜셀 기모 치마레깅스 3종,114,0,0,0,0,0,0,0,0,0,0,0,114
릴리젼 PK 남성 티셔츠세트,0,0,0,0,60,53,0,0,0,0,0,0,113
릴리젼 PK 여성 티셔츠세트,0,0,0,0,60,53,0,0,0,0,0,0,113
스포메틱스 트리플 샤이닝 쿠션(이데베논앰플),0,0,0,60,53,0,0,0,0,0,0,0,113
테이트 남성 모달 티셔츠5종,0,0,0,0,113,0,0,0,0,0,0,0,113
테이트 여성 모달 티셔츠6종,0,0,0,0,113,0,0,0,0,0,0,0,113
뉴 벨라홈 리클라이닝 소파,0,0,0,0,0,0,0,0,112,0,0,0,112
무이자 전기식 회전통그릴 드럼쿡,0,0,0,60,52,0,0,0,0,0,0,0,112
블링썸 아이스타일러SET,0,0,0,0,0,0,0,0,112,0,0,0,112
일시불 전기식 회전통그릴 드럼쿡,0,0,0,60,52,0,0,0,0,0,0,0,112
푸마 드로즈 블랙에디션 패키지,0,0,56,54,0,0,0,0,0,0,0,0,110
오모떼 쉐이핑차 브라팬티 10종,0,0,0,0,106,0,0,0,0,0,0,0,106
고창 꿀 고구마 10kg,0,0,0,0,0,0,0,0,0,0,0,104,104
NNF 소프트 베스트 앙상블,0,0,102,0,0,0,0,0,0,0,0,0,102
USPA화이트라벨 남성트랙수트,0,0,0,0,0,0,0,0,0,100,0,0,100
USPA화이트라벨 여성트랙수트,0,0,0,0,0,0,0,0,0,100,0,0,100
[영광군수협] 대장대 굴비 40미,0,0,0,0,0,0,0,0,0,0,100,0,100
남해바다 손질왕꼬막살세트,0,0,0,0,0,0,0,0,0,0,60,40,100
르까프 남성 핫멜트 덕다운 트랙 3종,0,0,0,0,0,0,0,0,0,0,100,0,100
르까프 여성 핫멜트 덕다운 트랙 3종,0,0,0,0,0,0,0,0,0,0,100,0,100
무이자 파뷔에 항균 뱀부 식기건조대,0,0,0,0,0,0,0,0,60,0,40,0,100
알렉스하운드 양모 퀼팅 패딩 세트,0,0,0,0,0,0,0,0,0,0,40,60,100
알렉스하운드 양모 퀼팅 패딩 자켓,0,0,0,0,0,0,0,0,0,0,40,60,100
알렉스하운드 양모 퀼팅 패딩 팬츠,0,0,0,0,0,0,0,0,0,0,40,60,100
일시불 파뷔에 항균 뱀부 식기건조대,0,0,0,0,0,0,0,0,60,0,40,0,100
크로커다일 The 편안한 코튼 브라팬티 4세트,100,0,0,0,0,0,0,0,0,0,0,0,100
테이트 남성 셀린니트3종,100,0,0,0,0,0,0,0,0,0,0,0,100
테이트 여성 셀린니트3종,100,0,0,0,0,0,0,0,0,0,0,0,100
국내산 영산포숙성 홍어 6팩+홍어무침1통,0,0,0,0,0,0,0,0,0,0,96,0,96
에펨 남성 NEW컴포트 캐쥬얼슈즈,0,0,96,0,0,0,0,0,0,0,0,0,96
에펨 여성 NEW컴포트 캐쥬얼슈즈,0,0,96,0,0,0,0,0,0,0,0,0,96
단하루 종근당건강 프로메가 오메가3 파워+비타민D,0,0,0,0,0,60,0,0,35,0,0,0,95
국내산 손질 병어 26미,0,0,0,0,0,0,60,0,34,0,0,0,94
로베르타 디 까메리노 아쿠아마레 백팩 5종세트,0,0,0,0,93,0,0,0,0,0,0,0,93
(일)[안드레아바나]리얼카이만 악어 토트백,0,0,0,90,0,0,0,0,0,0,0,0,90
 [가이거] 블랙 에디션 다이아몬드 워치(남성용),0,0,0,0,0,0,0,0,0,0,60,0,60
 [가이거] 블랙 에디션 다이아몬드 워치(여성용),0,0,0,0,0,0,0,0,0,0,60,0,60
 [맛있는 제주]손질 생선 3대세트+흑돼지구이(광어+갈치+고등어,0,0,0,0,60,0,0,0,0,0,0,0,60
 서울대 더 리얼 신바이오틱스 6박스 (6개월분),0,0,0,0,0,0,0,0,0,60,0,0,60
 용인공원라이프 스마트라이프48,0,0,0,0,60,0,0,0,0,0,0,0,60
(ARS10%)크로커다일 풀커버 레이스 브라팬티 4세트,0,0,60,0,0,0,0,0,0,0,0,0,60
(대형)한솔 뉴청맥 온열 카페트매트,0,0,0,0,0,0,0,0,0,60,0,0,60
(무) 한샘 하이바스 내추럴 기본형,0,0,0,60,0,0,0,0,0,0,0,0,60
(무)3인용 한샘 뉴퍼스티지R 리클라이너,0,0,60,0,0,0,0,0,0,0,0,0,60
(무)4인용 한샘 뉴퍼스티지R 리클라이너,0,0,60,0,0,0,0,0,0,0,0,0,60
(무)메리츠 올바른 간편보험1810,0,0,60,0,0,0,0,0,0,0,0,0,60
(무)모나코사놀,0,0,0,0,0,0,0,60,0,0,0,0,60
(무)보루네오 델라 원목 베드룸 세트1(프레임+매트리스+화장대+협탁),0,0,0,0,0,0,0,0,60,0,0,0,60
(무)보루네오 델라 원목 베드룸 세트2(프레임+화장대+협탁),0,0,0,0,0,0,0,0,60,0,0,0,60
(무)한샘 페이지 리클라이너 소파(3인용),0,0,0,0,0,60,0,0,0,0,0,0,60
(무)한샘 페이지 리클라이너 소파(4인용),0,0,0,0,0,60,0,0,0,0,0,0,60
(무)한샘 하이바스 내추럴 기본형 + 키큰장,0,0,0,60,0,0,0,0,0,0,0,0,60
(무)한샘 하이바스 내추럴 하부장 + 키큰장,0,0,0,60,0,0,0,0,0,0,0,0,60
(무)한샘 하이바스 내추럴 하부장형,0,0,0,60,0,0,0,0,0,0,0,0,60
(무이자) 올리고 가스와이드그릴레인지 프리미엄형,0,0,0,0,0,0,0,0,0,60,0,0,60
(세일20%)푸마 언더셔츠 7종 패키지(1-1차),0,0,0,0,0,0,60,0,0,0,0,0,60
(일)3인용 한샘 뉴퍼스티지R 리클라이너,0,0,60,0,0,0,0,0,0,0,0,0,60
(일)4인용 한샘 뉴퍼스티지R 리클라이너,0,0,60,0,0,0,0,0,0,0,0,0,60
(일)모나코사놀,0,0,0,0,0,0,0,60,0,0,0,0,60
(일)보루네오 델라 원목 베드룸 세트1(프레임+매트리스+화장대+협탁),0,0,0,0,0,0,0,0,60,0,0,0,60
(일)보루네오 델라 원목 베드룸 세트2(프레임+화장대+협탁),0,0,0,0,0,0,0,0,60,0,0,0,60
(일)한샘 페이지 리클라이너 소파(3인용),0,0,0,0,0,60,0,0,0,0,0,0,60
(일)한샘 페이지 리클라이너 소파(4인용),0,0,0,0,0,60,0,0,0,0,0,0,60
(일)한샘 하이바스 내추럴 기본형,0,0,0,60,0,0,0,0,0,0,0,0,60
(일)한샘 하이바스 내추럴 기본형 + 키큰장,0,0,0,60,0,0,0,0,0,0,0,0,60
(일)한샘 하이바스 내추럴 하부장 + 키큰장,0,0,0,60,0,0,0,0,0,0,0,0,60
(일)한샘 하이바스 내추럴 하부장형,0,0,0,60,0,0,0,0,0,0,0,0,60
(일시불) 올리고 가스와이드그릴레인지 프리미엄형,0,0,0,0,0,0,0,0,0,60,0,0,60
(점보)한솔 뉴청맥 온열 카페트매트,0,0,0,0,0,0,0,0,0,60,0,0,60
(킹+싱글)일월 품안애 온수매트,0,0,0,0,0,0,0,0,60,0,0,0,60
(특대)한솔 뉴청맥 온열 카페트매트,0,0,0,0,0,0,0,0,0,60,0,0,60
19 F/W 디즈니 롱 벤치코트,0,0,0,0,0,0,0,0,0,0,0,60,60
19FW마리노블 밍크 롱코트,0,0,0,0,0,0,0,0,0,0,60,0,60
221L_딤채김치냉장고,0,0,0,0,0,0,0,0,0,60,0,0,60
3D매쉬  냉수마찰  물매트,0,0,0,0,0,0,0,60,0,0,0,0,60
AAB의 든든한 콩국수,0,0,0,0,0,0,0,60,0,0,0,0,60
AHC 스킨케어링 톤커버크림,0,0,0,0,0,0,0,0,0,0,0,60,60
CERINI by PAT 남성 에어 카타티셔츠 4종,0,0,0,0,0,60,0,0,0,0,0,0,60
CERINI by PAT 남성 풀패키지 기모니트 3종,60,0,0,0,0,0,0,0,0,0,0,0,60
D)LG생활건강 히말라야 핑크솔트 화이트라벨 치약세트,0,0,0,0,0,0,0,60,0,0,0,0,60
EXR 19 F/W 남성 퍼포먼스 패딩 점퍼,0,0,0,0,0,0,0,0,0,0,0,60,60
EXR 19 F/W 여성 퍼포먼스 패딩 점퍼,0,0,0,0,0,0,0,0,0,0,0,60,60
EXR 남성 워터 액티비티 5종,0,0,0,0,0,0,60,0,0,0,0,0,60
EXR 여성 워터 액티비티 5종,0,0,0,0,0,0,60,0,0,0,0,0,60
K-SWISS 남성 약기모 팬츠3종,0,0,0,0,0,0,0,0,0,0,0,60,60
NNF 남성 터틀넥 3종,0,0,0,0,0,0,0,0,0,0,60,0,60
NNF 남성 패딩점퍼,0,0,0,0,0,0,0,0,0,0,0,60,60
NNF 여성 터틀넥 3종,0,0,0,0,0,0,0,0,0,0,60,0,60
NNF 여성 패딩점퍼,0,0,0,0,0,0,0,0,0,0,0,60,60
NNF 쿠션퍼자켓+베스트,60,0,0,0,0,0,0,0,0,0,0,0,60
OK 근육통완화 동전패치,0,0,0,0,0,0,0,0,0,0,60,0,60
SK매직정수기 3종,0,0,0,0,0,0,60,0,0,0,0,0,60
"SPC삼립 한입 호빵 13봉(단일, 팥 13봉)",60,0,0,0,0,0,0,0,0,0,0,0,60
"SPC삼립 한입 호빵 13봉(혼합, 팥8+야채5봉)",60,0,0,0,0,0,0,0,0,0,0,0,60
USPA 화이트라벨 디태처블 롱패딩,0,0,0,0,0,0,0,0,0,0,0,60,60
USPA 화이트라벨 디태처블 롱패딩 크롬,0,0,0,0,0,0,0,0,0,0,0,60,60
USPA화이트라벨 남성모크넥세트,0,0,0,0,0,0,0,0,0,0,60,0,60
USPA화이트라벨 여성모크넥세트,0,0,0,0,0,0,0,0,0,0,60,0,60
[EXR] 19 F/W 남성 리버시블 자켓,0,0,0,0,0,0,0,0,0,60,0,0,60
[EXR] 19 F/W 여성 리버시블 자켓,0,0,0,0,0,0,0,0,0,60,0,0,60
[농협안심벌꿀] 아카시아꿀 2병 + 야생화꿀 2병,0,0,0,0,0,0,0,0,60,0,0,0,60
[루이띠에]18k 샤인클로버 귀걸이,0,0,0,0,0,0,0,0,0,0,60,0,60
[루이띠에]18k 샤인클로버 목걸이,0,0,0,0,0,0,0,0,0,0,60,0,60
[루이띠에]18k 샤인클로버 목걸이팔찌 세트,0,0,0,0,0,0,0,0,0,0,60,0,60
[루이띠에]18k 샤인클로버 반지,0,0,0,0,0,0,0,0,0,0,60,0,60
[루이띠에]18k 샤인클로버 주얼리 세트,0,0,0,0,0,0,0,0,0,0,60,0,60
[루이띠에]18k 샤인클로버 팔찌,0,0,0,0,0,0,0,0,0,0,60,0,60
[루이띠에]18k 샤인클로버 팔찌반지  세트,0,0,0,0,0,0,0,0,0,0,60,0,60
[맛있는 제주]손질 생선 3대세트(광어+갈치+고등어),0,0,0,0,60,0,0,0,0,0,0,0,60
[무이자] 가이거 무빙스타 다이아몬드 워치+보석함,0,0,0,0,0,0,0,60,0,0,0,0,60
[바다원] 더 그릴 3종 아구채4팩+양태채2팩+쥐포채2팩 + 소스8팩,0,0,0,0,60,0,0,0,0,0,0,0,60
[살롱클리닉]샤이닝 트리트먼트 헤어컬러크림세트,0,0,0,60,0,0,0,0,0,0,0,0,60
[생쥴랑] 14K 입체 3D 체인 주얼리 11종 컬렉션,0,0,0,0,0,0,0,0,60,0,0,0,60
[일시불] 가이거 무빙스타 다이아몬드 워치+보석함,0,0,0,0,0,0,0,60,0,0,0,0,60
[헤스티지] 마론 양가죽 남성집업재킷,0,0,0,0,0,0,0,0,0,60,0,0,60
[헤스티지] 미즈 양가죽 롱코트,0,0,0,0,0,0,0,0,0,60,0,0,60
강레오의 탕요일,0,0,0,0,0,0,0,0,0,0,0,60,60
거미손 차량용 공기청정기,0,0,0,0,60,0,0,0,0,0,0,0,60
고데롤 플러스,0,0,0,0,0,0,0,0,0,0,0,60,60
골드파일 카로 여행가방 9종 세트,0,0,0,0,0,0,0,60,0,0,0,0,60
광동 장건강엔 생유산균,0,0,0,0,0,0,0,60,0,0,0,0,60
"구워만든 곡물그대로 21, 3종 20봉",60,0,0,0,0,0,0,0,0,0,0,0,60
"구워만든 곡물그대로 21, 오리지널 10봉",60,0,0,0,0,0,0,0,0,0,0,0,60
국내산 손질 새꼬막  13팩,0,0,0,0,0,0,0,0,0,0,0,60,60
국내산 손질 통오징어 10팩,0,0,0,0,0,0,0,0,0,0,0,60,60
국내산 손질 피꼬막 23팩,0,0,0,0,0,0,0,0,0,0,60,0,60
국내산참조기12팩,0,0,0,0,0,0,0,0,0,60,0,0,60
국내제조 붙이는 따스림 실크 단열벽지 10미터,0,0,0,0,0,0,0,0,0,60,0,0,60
국내제조 붙이는 따스림 실크 단열벽지 20+10미터(총30미터),0,0,0,0,0,0,0,0,0,60,0,0,60
국내제조 붙이는 따스림 실크 단열벽지 20미터,0,0,0,0,0,0,0,0,0,60,0,0,60
궁중 해물철판 10팩,0,0,0,0,0,60,0,0,0,0,0,0,60
그렉노먼 남성 구스다운 롱 벤치코트,60,0,0,0,0,0,0,0,0,0,0,0,60
그렉노먼 여성 구스다운 롱 벤치코트,60,0,0,0,0,0,0,0,0,0,0,0,60
기본구성 바로톡 싱크대 거름통,0,0,0,0,60,0,0,0,0,0,0,0,60
뉴욕맘 목화솜행주&항균수세미,0,0,0,0,0,0,0,0,0,60,0,0,60
뉴욕맘 항균 수세미,0,0,0,0,0,0,60,0,0,0,0,0,60
뉴트리원 비비랩 FOS 프리바이오틱스,0,0,0,0,0,0,0,0,0,0,60,0,60
뉴트리원 전지현 베리솔 콜라겐 구미(12주분+3일분),0,0,0,0,0,0,0,0,0,0,60,0,60
뉴트리원 전지현 베리솔 콜라겐 구미(더블24주분+6일분),0,0,0,0,0,0,0,0,0,0,60,0,60
도루코 페이스5 면도기 세트 (1+1세트),0,0,0,0,0,0,0,60,0,0,0,0,60
도루코 페이스5 면도기 세트 (1세트),0,0,0,0,0,0,0,60,0,0,0,0,60
도루코 페이스5 면도날 4개입,0,0,0,0,0,0,0,60,0,0,0,0,60
두꺼비 매직 버블수세미200매 + 곰팡이젤1개,0,0,0,0,0,0,60,0,0,0,0,0,60
두꺼비 매직 버블수세미400매 + 곰팡이젤2개,0,0,0,0,0,0,60,0,0,0,0,0,60
디베이지 모크넥 니트 티블라우스 5종,0,0,0,0,0,0,0,60,0,0,0,0,60
디키즈 성인 리버시블재킷1종,0,0,0,0,0,0,0,0,0,0,0,60,60
디키즈 썸머상하세트,0,0,0,0,60,0,0,0,0,0,0,0,60
디키즈 썸머숏팬츠3종,0,0,0,0,0,0,60,0,0,0,0,0,60
디키즈 아동 리버시블재킷1종,0,0,0,0,0,0,0,0,0,0,0,60,60
라라츄 헤어볼륨쿠션,0,0,0,0,0,0,0,0,0,60,0,0,60
레이프릴 풍기인견 힐링 란쥬,0,0,0,0,0,60,0,0,0,0,0,0,60
레이프릴 핏 쿨 브라패키지,0,0,0,0,0,0,60,0,0,0,0,0,60
레코바 남성 어반3종(트레킹화+워킹화+슬립온),0,0,0,0,0,0,0,0,0,60,0,0,60
레코바 여성 어반3종(트레킹화+워킹화+슬립온),0,0,0,0,0,0,0,0,0,60,0,0,60
로베르타 디 까메리노 노벨라백 2종,60,0,0,0,0,0,0,0,0,0,0,0,60
로베르타 디 까메리노 로베(ROBE) 토트백 3종,0,0,0,0,0,0,0,0,0,60,0,0,60
로베르타 디 까메리노 밸런스업 지퍼쉐이핑 란쥬패키지,0,0,0,0,0,0,0,0,0,0,0,60,60
로벤탈 국내산  IH 실버팬 세트 (가격인하),0,0,0,0,0,0,0,0,60,0,0,0,60
로벤탈 파스텔 후라이팬 (핑크),0,0,0,0,0,0,0,0,0,60,0,0,60
로벤탈 파스텔 후라이팬 1+1세트(핑크+블루),0,0,0,0,0,0,0,0,0,60,0,0,60
리복 남성 스피드윅 웜웨어 4종 패키지,0,0,0,0,0,0,0,0,0,0,60,0,60
리복 델타 언더셔츠 6종 패키지,0,0,0,0,0,0,60,0,0,0,0,0,60
리복 여성 스피드윅 웜웨어 4종 패키지,0,0,0,0,0,0,0,0,0,0,60,0,60
리앤 헤링본 러그 카페트 대형,0,0,0,0,0,0,0,0,0,60,0,0,60
리앤 헤링본 러그 카페트 점보특대형,0,0,0,0,0,0,0,0,0,60,0,0,60
리앤 헤링본 러그 카페트 특대형,0,0,0,0,0,0,0,0,0,60,0,0,60
리앤코리아 순면 볼륨 카페트 세트(대형),0,0,0,60,0,0,0,0,0,0,0,0,60
리앤코리아 순면 볼륨 카페트 세트(중형),0,0,0,60,0,0,0,0,0,0,0,0,60
리앤코리아 순면 볼륨 카페트 세트(특대형),0,0,0,60,0,0,0,0,0,0,0,0,60
마르엘라로사티 나파 휘메일 풀스킨 밍크하프코트(11월),0,0,0,0,0,0,0,0,0,0,0,60,60
마르엘라로사티 테일러드롱자켓1종,0,0,0,0,0,0,0,0,0,60,0,0,60
마스케라 밍크니팅모자세트,60,0,0,0,0,0,0,0,0,0,0,0,60
마스케라 썸머 컬렉션 4종(모자 2종 + 핸드백 1종 + 스카프 1종),0,0,0,0,0,0,60,0,0,0,0,0,60
마스케라 풀스킨 밍크머플러세트,60,0,0,0,0,0,0,0,0,0,0,0,60
메이듀 코튼 티블라우스 5종,0,0,0,0,0,0,60,0,0,0,0,0,60
몬테밀라노 어메이징핏 하이웨스트 팬티 10종,60,0,0,0,0,0,0,0,0,0,0,0,60
무이자  한샘 키친바흐 IH 프라이팬,0,0,0,0,60,0,0,0,0,0,0,0,60
무이자  해피콜 아르마이드 IH 냄비,0,0,0,60,0,0,0,0,0,0,0,0,60
무이자 LG스타일러 의류관리기,0,0,0,60,0,0,0,0,0,0,0,0,60
무이자 LG스타일러 의류관리기  (5벌)S5BB,0,0,0,60,0,0,0,0,0,0,0,0,60
무이자 LG전자 노크온 매직스페이스 냉장고 S831SN75,0,0,0,0,0,0,60,0,0,0,0,0,60
무이자 LG전자 코드제로 청소기 A978SA.AKOR,0,0,0,0,0,0,0,60,0,0,0,0,60
무이자 LG전자 휴대용 퓨리케어 미니 공청기,0,0,0,0,0,0,60,0,0,0,0,0,60
무이자 LG트롬 건조기 14kg RH14VN(실버),0,0,0,0,0,0,0,0,0,0,0,60,60
무이자 LG트롬 건조기 14kg RH14WN(화이트),0,0,0,0,0,0,0,0,0,0,0,60,60
무이자 LG트롬 건조기 16kg RH16WN(화이트),0,0,0,0,0,0,0,0,0,0,0,60,60
무이자 am마카롱 보냉보온 텀블러세트,0,0,0,0,0,0,60,0,0,0,0,0,60
무이자 대우전자 벽걸이 에어컨TDOZ-S10JK,0,0,0,0,0,60,0,0,0,0,0,0,60
무이자 도깨비그릴,0,0,0,0,0,0,0,0,0,0,0,60,60
무이자 락앤락 블랙우드 칼블럭7종+키친툴7종,60,0,0,0,0,0,0,0,0,0,0,0,60
"무이자 루미테라피 노즈케어 저출력광선조사기, LN-01W",0,0,0,0,0,0,0,0,0,0,60,0,60
무이자 리큅 블렌더 RPM CUBE,0,0,0,0,60,0,0,0,0,0,0,0,60
무이자 브람스안마의자 럭셔리,0,0,0,0,0,0,0,60,0,0,0,0,60
무이자 삼성 UHD TV UN65RU7150FXKR,0,0,0,0,0,0,0,0,60,0,0,0,60
무이자 삼성 UHD TVUN55RU7150FXKR,0,0,0,0,0,0,0,0,60,0,0,0,60
무이자 삼성 UHD TVUN75RU7150FXKR,0,0,0,0,0,0,0,0,60,0,0,0,60
무이자 삼성 건조기 9kg 블랙케비어 DV90M53B0QV,60,0,0,0,0,0,0,0,0,0,0,0,60
무이자 삼성 건조기 9kg 이녹스실버 DV90M53B0QP,60,0,0,0,0,0,0,0,0,0,0,0,60
무이자 삼성 건조기 9kg 화이트 DV90M53B0QW,60,0,0,0,0,0,0,0,0,0,0,0,60
무이자 삼성 블루스카이 공기청정기 AX40N3080DMD 1세트,60,0,0,0,0,0,0,0,0,0,0,0,60
무이자 삼성 블루스카이 공기청정기 AX40N3080DMD 2세트,60,0,0,0,0,0,0,0,0,0,0,0,60
무이자 삼성 워블 세탁기 WA14R6360BG,0,0,0,0,0,0,0,0,60,0,0,0,60
"무이자 삼성노트북 북5 NT550EBE-K38B,W(복합기+스피커)",0,0,0,0,0,0,0,60,0,0,0,0,60
무이자 삼성노트북 북5NT550EBE-K34W(복합기+스피커),0,0,0,0,0,0,0,60,0,0,0,0,60
무이자 서장훈의 락앤락 칼도마 살균블럭,0,0,0,0,0,0,0,60,0,0,0,0,60
무이자 송도순의 원터치 중탕기 홈쿠(시즌2),0,0,0,0,0,0,0,0,0,0,60,0,60
무이자 스마트코너 초고속블렌더 비앙코 볼토,0,0,0,0,0,0,0,0,0,60,0,0,60
무이자 실리만 하이브리드 냄비후라이팬 IH 풀세트,0,0,0,0,0,0,0,0,60,0,0,0,60
무이자 쓰임 마리벨 4인 홈세트 27P,0,0,0,0,60,0,0,0,0,0,0,0,60
무이자 아이넥스 카세로 식기건조대,0,0,0,0,0,0,0,0,0,60,0,0,60
무이자 에코라믹 모던 IH 냄비 세트,0,0,0,0,0,0,0,60,0,0,0,0,60
무이자 에코바이런 호주 원목 대형 캄포도마 1종,0,0,0,0,0,0,60,0,0,0,0,0,60
무이자 에코바이런 호주 원목 캄포도마 3종세트,0,0,0,0,0,0,60,0,0,0,0,0,60
무이자 코지마 안마의자 오딧세이,0,0,0,0,0,0,0,60,0,0,0,0,60
무이자 쿠첸 스마트 투인원 티메이커,60,0,0,0,0,0,0,0,0,0,0,0,60
무이자 휴롬 쁘띠2 착즙기,0,0,0,0,60,0,0,0,0,0,0,0,60
"밀싹 클렌즈 8박스, 8주분! + 전용보틀",0,0,0,60,0,0,0,0,0,0,0,0,60
배관청소용품 뚜러킹 세트,0,0,0,0,0,60,0,0,0,0,0,0,60
뱅뱅 남성 기모데님3종,0,0,0,0,0,0,0,0,0,0,60,0,60
뱅뱅 여성 기모데님3종,0,0,0,0,0,0,0,0,0,0,60,0,60
뱅뱅 여성 벨로아기모밴딩팬츠,0,0,0,0,0,0,0,0,0,0,0,60,60
베스트 하임 에어프라이어,0,0,60,0,0,0,0,0,0,0,0,0,60
베스트하임 더 담백한  에어프라이어 대용량  5.5L,0,0,60,0,0,0,0,0,0,0,0,0,60
벨라홈 2way  타퍼 꿀잠 매트리스  싱글 세트,0,0,0,0,0,0,0,60,0,0,0,0,60
벨라홈 2way  타퍼 꿀잠 매트리스  퀸+ 싱글 세트,0,0,0,0,0,0,0,60,0,0,0,0,60
벨라홈 2way  타퍼 꿀잠 매트리스 퀸 세트,0,0,0,0,0,0,0,60,0,0,0,0,60
보루네오 델라 원목 거실장,0,0,0,0,0,0,0,0,60,0,0,0,60
보루네오 델라 원목 베드룸 세트3(프레임+매트리스),0,0,0,0,0,0,0,0,60,0,0,0,60
보코 기모 퀼팅 패딩,0,0,60,0,0,0,0,0,0,0,0,0,60
보코 여성 벨트롱코트 1종,0,0,0,0,0,0,0,0,0,0,60,0,60
보코 퀼팅베스트+터틀넥2종,60,0,0,0,0,0,0,0,0,0,0,0,60
뷰티플렉스 풍기인견 란쥬패키지(8월),0,0,0,0,0,0,0,60,0,0,0,0,60
뷰티플렉스 풍기인견 브라패키지(8월),0,0,0,0,0,0,0,60,0,0,0,0,60
뷰티플렉스 풍기인견 원피스 2종,0,0,0,0,0,60,0,0,0,0,0,0,60
블링썸 데스트니 아이라이너,0,0,0,0,0,0,0,0,60,0,0,0,60
사운드룩 포터블 블루투스 LP턴테이블 SLT-100BT,0,0,0,0,0,0,0,0,0,0,0,60,60
산머루농원 머루원액,0,0,0,0,0,0,0,0,0,0,0,60,60
삼성화재 행복한파트너 주택화재보험(1912),60,0,0,0,0,0,0,0,0,0,0,0,60
생쥴랑 14K 베스트 귀걸이 5종 컬렉션 (14K골드 5종),0,0,0,0,0,0,0,60,0,0,0,0,60
생쥴랑 18K 피오레 볼륨 주얼리 컬렉션 (18K 총6종),0,0,0,0,0,0,0,0,0,0,60,0,60
셰프웨이 멀티핸즈 IH 프라이팬,0,0,0,0,0,0,0,0,0,0,60,0,60
셰프웨이 멀티핸즈 IH 프라이팬(신),0,0,0,0,0,0,0,0,0,0,0,60,60
소들녘 더 맛있는 NEW  돼지왕구이 12팩,60,0,0,0,0,0,0,0,0,0,0,0,60
"속초명물 티각태각 부각 6종, 30봉",0,0,0,60,0,0,0,0,0,0,0,0,60
수련 무선 무릎 에어 온열 마사지기 SR823,0,0,0,0,0,0,0,0,0,0,60,0,60
스위스밀리터리 전동공구세트,60,0,0,0,0,0,0,0,0,0,0,0,60
스튜디오럭스 터틀넥니트3종,0,0,0,0,0,0,0,0,0,0,0,60,60
스프리스 남성 퍼부츠 세트(부츠+패딩슬립온),0,0,0,0,0,0,0,0,0,0,0,60,60
스프리스 아동 퍼부츠,0,0,0,0,0,0,0,0,0,0,0,60,60
스프리스 여성 퍼부츠 세트(부츠+패딩슬립온),0,0,0,0,0,0,0,0,0,0,0,60,60
시크릿 라메종 볼륨 스프레이 (고데기),0,0,0,60,0,0,0,0,0,0,0,0,60
시크릿뮤즈 커버팩트,0,0,0,0,0,0,0,0,60,0,0,0,60
신세대 포기김치 11kg,0,0,0,0,0,0,0,0,60,0,0,0,60
실바트 인덕션 우든후라이팬 5종세트,0,0,0,0,0,0,0,0,0,0,60,0,60
실크트리 풍기인견 이지웨어 원피스 패키지,0,0,0,0,0,60,0,0,0,0,0,0,60
실크트리 풍기인견 쿨 메쉬 브라팬티 패키지,0,0,0,0,60,0,0,0,0,0,0,0,60
아문센 남성 윈터 하드쉘 세트,60,0,0,0,0,0,0,0,0,0,0,0,60
아문센 여성 윈터 하드쉘 세트,60,0,0,0,0,0,0,0,0,0,0,0,60
아주아 니트 앙상블 2종,0,0,60,0,0,0,0,0,0,0,0,0,60
알비에로 마르티니 1A클라쎄 지오 쁘띠 쇼퍼백,0,0,0,0,0,0,0,0,60,0,0,0,60
알비에로 마르티니 1A클라쎄 지오 스톨라 머플러 숄,0,0,0,0,0,0,0,0,60,0,0,0,60
알비에로 마르티니 1A클라쎄 지오 울버튼 케이프,0,0,0,0,0,0,0,0,60,0,0,0,60
알비에로 마르티니 1A클라쎄 지오맵 라이트 백팩,0,0,0,0,0,0,0,0,60,0,0,0,60
알비에로 마르티니 1A클라쎄 지오맵 라이트숄더백,0,0,0,0,0,0,0,0,60,0,0,0,60
알비에로 마르티니 1A클라쎄 집어라운드 장지갑,0,0,0,0,0,0,0,0,60,0,0,0,60
알비에로 마르티니 1A클라쎄 클래식 스퀘어 크로스,0,0,0,0,0,0,0,0,60,0,0,0,60
에델코첸 컬러스텐냄비 3종세트 (곰솥구성),0,0,0,0,0,0,0,0,60,0,0,0,60
에델코첸 컬러스텐냄비 3종세트 (전골구성),0,0,0,0,0,0,0,0,60,0,0,0,60
에버라스트 남성 기능성 에어로웜 동내의 3세트,60,0,0,0,0,0,0,0,0,0,0,0,60
에버라스트 여성 기능성 에어로웜 동내의 3세트,60,0,0,0,0,0,0,0,0,0,0,0,60
에이온에이 10분 셀프뿌리퍼머,0,0,0,0,60,0,0,0,0,0,0,0,60
엑사이더 워킹머신,0,0,0,0,0,0,0,0,0,0,60,0,60
"여자를 위한 빨강 팥물, 레드빈 티톡 100포",0,0,60,0,0,0,0,0,0,0,0,0,60
"여자를 위한 빨강 팥물, 레드빈 티톡 50포",0,0,60,0,0,0,0,0,0,0,0,0,60
오가닉뷰티 360도 노라인 코튼 란쥬세트,0,0,0,0,0,0,0,0,60,0,0,0,60
오가닉뷰티 웜  레이스 코튼 란쥬세트,0,0,0,0,0,0,0,0,0,0,0,60,60
오모떼 360도 텐션업 레이스 패키지 시즌5,0,0,0,0,0,0,0,0,60,0,0,0,60
오모떼 오리지널 쉐이핑 브라팬티 시즌2,0,0,0,0,0,0,0,0,0,0,0,60,60
옥샘쿡 만능 가마솥 3종세트,0,0,0,0,0,0,0,0,0,0,0,60,60
완도산 식탁앤김 120봉,0,0,0,0,0,0,0,0,0,0,0,60,60
완벽더블구성 바로톡 싱크대 거름통,0,0,0,0,60,0,0,0,0,0,0,0,60
우리나라 맛밤 20봉+밤양갱 4개,0,0,0,0,0,0,0,0,0,0,60,0,60
월드컵 남성트레일화+슬립온,0,0,0,0,0,60,0,0,0,0,0,0,60
월드컵 여성 트레일화+슬립온,0,0,0,0,0,60,0,0,0,0,0,0,60
유귀열의 The 귀한 꼬리곰탕 8팩,0,0,0,0,0,60,0,0,0,0,0,0,60
"유귀열의 The귀한 소한마리세트 8팩(찜+탕),무료체험1팩포함",0,0,0,0,0,0,0,0,0,0,60,0,60
유캐슬 마리노 5단 서랍장,0,0,0,0,0,0,0,0,0,0,60,0,60
유캐슬 마리노 침실가구 실속세트(매트리스X),0,0,0,0,0,0,0,0,0,0,60,0,60
유캐슬 마리노 침실가구 풀세트 (매트리스포함),0,0,0,0,0,0,0,0,0,0,60,0,60
유캐슬 마리노 협탁,0,0,0,0,0,0,0,0,0,0,60,0,60
유캐슬 마리노 화장대세트 _화장대+거울,0,0,0,0,0,0,0,0,0,0,60,0,60
"이경제의 레드비트 착즙 100%, 120포",0,0,0,0,0,0,0,0,0,60,0,0,60
이경제의 황제진액 철갑상어 120포,0,0,0,0,0,0,60,0,0,0,0,0,60
이만기의 리얼국밥 3종 27팩,0,0,60,0,0,0,0,0,0,0,0,0,60
일시불  락앤락 블랙우드 칼블럭7종+키친툴7종,60,0,0,0,0,0,0,0,0,0,0,0,60
일시불  한샘 키친바흐 IH 프라이팬,0,0,0,0,60,0,0,0,0,0,0,0,60
일시불 LG스타일러 의류관리기,0,0,0,60,0,0,0,0,0,0,0,0,60
일시불 LG스타일러 의류관리기  (5벌)S5BB,0,0,0,60,0,0,0,0,0,0,0,0,60
일시불 LG전자 노크온 매직스페이스 냉장고 S831SN75,0,0,0,0,0,0,60,0,0,0,0,0,60
일시불 LG전자 코드제로 청소기 A978SA.AKOR,0,0,0,0,0,0,0,60,0,0,0,0,60
일시불 LG전자 휴대용 퓨리케어 미니 공청기,0,0,0,0,0,0,60,0,0,0,0,0,60
일시불 LG트롬 건조기 14kg RH14VN(실버),0,0,0,0,0,0,0,0,0,0,0,60,60
일시불 LG트롬 건조기 14kg RH14WN(화이트),0,0,0,0,0,0,0,0,0,0,0,60,60
일시불 LG트롬 건조기 16kg RH16WN(화이트),0,0,0,0,0,0,0,0,0,0,0,60,60
일시불 am마카롱 보냉보온 텀블러세트,0,0,0,0,0,0,60,0,0,0,0,0,60
일시불 도깨비그릴,0,0,0,0,0,0,0,0,0,0,0,60,60
"일시불 루미테라피 노즈케어 저출력광선조사기, LN-01W",0,0,0,0,0,0,0,0,0,0,60,0,60
일시불 리큅 블렌더 RPM CUBE,0,0,0,0,60,0,0,0,0,0,0,0,60
일시불 브람스안마의자 럭셔리,0,0,0,0,0,0,0,60,0,0,0,0,60
일시불 삼성 UHD TV UN55RU7150FXKR,0,0,0,0,0,0,0,0,60,0,0,0,60
일시불 삼성 UHD TV UN65RU7150FXKR,0,0,0,0,0,0,0,0,60,0,0,0,60
일시불 삼성 UHD TV UN75RU7150FXKR,0,0,0,0,0,0,0,0,60,0,0,0,60
일시불 삼성 건조기 9kg 블랙케비어 DV90M53B0QV,60,0,0,0,0,0,0,0,0,0,0,0,60
일시불 삼성 건조기 9kg 이녹스실버 DV90M53B0QP,60,0,0,0,0,0,0,0,0,0,0,0,60
일시불 삼성 건조기 9kg 화이트 DV90M53B0QW,60,0,0,0,0,0,0,0,0,0,0,0,60
일시불 삼성 블루스카이 공기청정기 AX40N3080DMD 1세트,60,0,0,0,0,0,0,0,0,0,0,0,60
일시불 삼성 블루스카이 공기청정기 AX40N3080DMD 2세트,60,0,0,0,0,0,0,0,0,0,0,0,60
일시불 삼성 워블 세탁기 WA14R6360BG,0,0,0,0,0,0,0,0,60,0,0,0,60
"일시불 삼성노트북 북5 NT550EBE-K38B,W(복합기+스피커)",0,0,0,0,0,0,0,60,0,0,0,0,60
일시불 삼성노트북 북5NT550EBE-K34W(복합기+스피커),0,0,0,0,0,0,0,60,0,0,0,0,60
일시불 서장훈의 락앤락 칼도마 살균블럭,0,0,0,0,0,0,0,60,0,0,0,0,60
일시불 송도순의 원터치 중탕기 홈쿠(시즌2),0,0,0,0,0,0,0,0,0,0,60,0,60
일시불 스마트코너 초고속블렌더 비앙코 볼토,0,0,0,0,0,0,0,0,0,60,0,0,60
일시불 실리만 하이브리드 냄비후라이팬 IH 풀세트,0,0,0,0,0,0,0,0,60,0,0,0,60
일시불 쓰임 마리벨 4인 홈세트 27P,0,0,0,0,60,0,0,0,0,0,0,0,60
일시불 아이넥스 카세로 식기건조대,0,0,0,0,0,0,0,0,0,60,0,0,60
일시불 에코라믹 모던 IH 냄비 세트,0,0,0,0,0,0,0,60,0,0,0,0,60
일시불 에코바이런 호주 원목 캄포도마 3종세트,0,0,0,0,0,0,60,0,0,0,0,0,60
일시불 코지마 안마의자 오딧세이,0,0,0,0,0,0,0,60,0,0,0,0,60
일시불 쿠첸 스마트 투인원 티메이커,60,0,0,0,0,0,0,0,0,0,0,0,60
일시불 해피콜 아르마이드 IH 냄비,0,0,0,60,0,0,0,0,0,0,0,0,60
일시불 휴롬 쁘띠2 착즙기,0,0,0,0,60,0,0,0,0,0,0,0,60
잔다리 전두부세트,0,0,0,0,0,0,0,60,0,0,0,0,60
장보고 완도매생이 30개,60,0,0,0,0,0,0,0,0,0,0,0,60
저스트마이사이즈 코튼 슬리머 패키지,0,0,0,0,0,0,0,0,0,0,0,60,60
제옥스  남성 가죽 스니커즈,0,0,60,0,0,0,0,0,0,0,0,0,60
제옥스  남성 가죽 스니커즈(V),0,0,0,60,0,0,0,0,0,0,0,0,60
제옥스  여성 어글리스니커즈,0,0,60,0,0,0,0,0,0,0,0,0,60
제옥스  여성 어글리스니커즈(V),0,0,0,60,0,0,0,0,0,0,0,0,60
젠트웰 남성패딩코트1종,0,0,0,0,0,0,0,0,0,0,0,60,60
조방할매 낙곱새 6팩세트,0,0,0,0,0,0,0,0,0,0,0,60,60
참바다손질낙지+양념장+연포탕육수,0,0,0,0,0,0,0,0,0,60,0,0,60
청정수산 완도활전복 中사이즈 17-18미(1kg이상!),0,0,0,0,0,0,0,0,0,0,0,60,60
초특가 센스하우스 리빙박스,0,0,0,0,0,0,0,0,0,60,0,0,60
초특가 히팅맘 스마트 리모컨 히터,0,0,0,0,0,0,0,0,0,0,60,0,60
초특가 히팅맘 스마트 리모컨 히터 1+1,0,0,0,0,0,0,0,0,0,0,60,0,60
최인선 셰프의 듬뿍 곤드레나물밥 16인분,0,0,0,60,0,0,0,0,0,0,0,0,60
카파 드로즈 패키지 10종(3차),0,0,0,0,0,0,60,0,0,0,0,0,60
칼리베이직 2019 패브릭 백 4종 (시즌 3) (ARS),0,0,0,0,0,0,0,0,0,0,60,0,60
컨시크 컬러마크 글로우 립스틱,0,0,0,0,0,0,0,0,0,0,0,60,60
코몽트 기모 터틀넥 5종,0,0,0,0,0,0,0,0,0,0,0,60,60
코몽트 패딩 3종세트,0,0,0,0,0,0,0,0,0,0,0,60,60
코튼플러스 클렌징패드 싱글,0,0,0,0,0,0,0,0,60,0,0,0,60
코튼플러스 클렌징패드(더블),0,0,0,0,0,0,0,0,60,0,0,0,60
코펜하겐럭스 판초니트4종,0,0,0,0,0,0,0,0,0,0,0,60,60
쿠미투니카 하이서포트 심리스  란쥬&팬티,60,0,0,0,0,0,0,0,0,0,0,0,60
크로커다일 The 편안한 코튼 브라팬티 4세트 + 이너쇼츠 2종 ,0,0,0,0,0,0,0,0,0,60,0,0,60
크리스티나앤코 기모밴딩팬츠3종,0,0,0,0,0,0,0,0,0,0,0,60,60
크리스티나앤코 피치기모팬츠,0,0,0,0,0,0,0,0,0,0,0,60,60
키친아트 김장용 대용량 스텐용기,0,0,0,0,0,0,0,0,0,0,60,0,60
키친플라워 그린 후레쉬 세트,0,0,0,0,0,0,60,0,0,0,0,0,60
테이트 남성 오가닉 약기모티,0,0,0,0,0,0,0,0,0,60,0,0,60
테이트 여성 오가닉 약기모티,0,0,0,0,0,0,0,0,0,60,0,0,60
트라이 브라이트(LED 전등) 1세트,0,0,0,0,0,0,0,0,0,60,0,0,60
트라이 브라이트(LED 전등) 2세트,0,0,0,0,0,0,0,0,0,60,0,0,60
트라이 브라이트(LED 전등) 3세트,0,0,0,0,0,0,0,0,0,60,0,0,60
트레스패스 남성 다이얼락 방한화 + 기모 워킹화 2종,0,0,0,0,0,0,0,0,0,0,0,60,60
트레스패스 여성 다이얼락 방한화 + 기모 워킹화 2종,0,0,0,0,0,0,0,0,0,0,0,60,60
티젠 히비스커스 분말,0,0,0,0,0,0,60,0,0,0,0,0,60
파로마 레어 메모리폼 타퍼 슈퍼싱글,0,0,0,0,0,0,0,0,0,60,0,0,60
파로마 레어 메모리폼 타퍼 퀸,0,0,0,0,0,0,0,0,0,60,0,0,60
파로마 레어 메모리폼 타퍼 킹,0,0,0,0,0,0,0,0,0,60,0,0,60
파뷔에 스페셜에디션 프라이팬세트,0,0,0,0,0,0,0,0,0,0,0,60,60
파뷔에 양면 항균도마 스페셜,0,0,0,0,0,0,0,0,0,60,0,0,60
페르소나 고기능 안전스틱 1세트,0,0,0,0,0,0,0,0,0,60,0,0,60
페르소나 고기능 안전스틱 2세트,0,0,0,0,0,0,0,0,0,60,0,0,60
푸마 DRY-CELL 퓨징 슬림라이트 브라 패키지,0,0,0,0,0,0,0,60,0,0,0,0,60
푸마 웜셀 런닝형 브라탑 4종세트,0,0,0,0,0,0,0,0,0,0,0,60,60
푸마 웜셀 티셔츠형 브라탑 4종세트,0,0,0,0,0,0,0,0,0,0,0,60,60
프라다 비텔로 라운드 토트 숄더백,0,0,0,0,0,0,0,60,0,0,0,0,60
프라다 테스토 체인 쇼퍼백,0,0,0,0,0,0,0,60,0,0,0,0,60
프라다 테스토 호보백,0,0,0,0,0,0,0,60,0,0,0,0,60
프라다 피닉스 토트 숄더백,0,0,0,0,0,0,0,60,0,0,0,0,60
하림 치킨스테이크 4봉,0,0,0,0,0,0,0,0,0,0,0,60,60
해피콜  X2싱크릴 분리가능 양면그릴,60,0,0,0,0,0,0,0,0,0,0,0,60
해피콜IH양면팬,0,0,0,0,0,0,0,60,0,0,0,0,60
헤드 남성 액티브 베이스레이어 4종,0,0,0,0,0,0,0,0,60,0,0,0,60
헤드 여성 액티브 베이스레이어 4종,0,0,0,0,0,0,0,0,60,0,0,0,60
헤드 풀커버리지 브라팬티 패키지,0,0,0,0,0,0,0,60,0,0,0,0,60
헤스떼벨 웜 업 란쥬쉐이퍼,60,0,0,0,0,0,0,0,0,0,0,0,60
헤스티지 미즈 양가죽 롱코트,0,0,0,0,0,0,60,0,0,0,0,0,60
통뼈 감자탕 8팩,0,0,0,0,0,0,0,0,0,0,0,59,59
(a4)팽현숙의 순대 곱창 전골&볶음,57,0,0,0,0,0,0,0,0,0,0,0,57
(무)이누스바스 시공패키지,0,0,0,0,0,0,0,0,0,0,57,0,57
(일)이누스바스 시공패키지,0,0,0,0,0,0,0,0,0,0,57,0,57
CERINI by PAT 남성 기모집업니트3종,0,0,0,0,0,0,0,0,0,0,0,57,57
SKT휴대폰 (삼성갤럭시 노트9),0,0,0,0,0,0,0,0,0,0,57,0,57
도네이 남성 터틀넥 스웨터 4종,57,0,0,0,0,0,0,0,0,0,0,0,57
도네이 여성 터틀넥 스웨터 4종,57,0,0,0,0,0,0,0,0,0,0,0,57
스칸디나비아 에어볼륨 롤업 매트리스(싱글),0,0,0,0,0,0,0,0,0,0,57,0,57
스칸디나비아 에어볼륨 롤업 매트리스(퀸),0,0,0,0,0,0,0,0,0,0,57,0,57
스칸디나비아 에어볼륨 롤업 매트리스(퀸+싱글),0,0,0,0,0,0,0,0,0,0,57,0,57
피부약방 더오리진 크림세트,0,0,0,0,0,0,0,0,0,0,0,57,57
TCOM_라클라우드 모션배드,0,0,0,0,0,0,0,0,0,56,0,0,56
[디즈니] 19 F/W 남성 기모 라운드 맨투맨 3종,0,0,0,0,0,0,0,0,0,0,56,0,56
[디즈니] 19 F/W 여성 기모 라운드 맨투맨 3종,0,0,0,0,0,0,0,0,0,0,56,0,56
레코바 남성 퍼펙트 에디션 3종(트레킹화+워킹화+슬립온),0,0,0,0,0,0,0,0,56,0,0,0,56
레코바 여성 퍼펙트 에디션(트레킹화+워킹화+슬립온),0,0,0,0,0,0,0,0,56,0,0,0,56
메디앤서 생콜라겐 마스크팩,0,0,0,0,0,0,0,0,0,0,56,0,56
보코 여성 울코트 1종,0,0,56,0,0,0,0,0,0,0,0,0,56
아미니 릴렉싱 풋케어 풀패키지,0,0,0,0,0,0,0,0,0,0,56,0,56
초특가 자미코코 3단 접이식 텐셀 매트 싱글 + 경추베개,0,0,0,0,0,0,0,0,0,0,56,0,56
초특가 자미코코 텐셀 3단 접이식  매트 더블 + 경추베개,0,0,0,0,0,0,0,0,0,0,56,0,56
테이트 여성 티셔츠4종,0,0,56,0,0,0,0,0,0,0,0,0,56
효재 동백 자수 광목 워싱차렵침구세트K,0,0,0,0,0,0,0,0,56,0,0,0,56
효재 동백 자수 광목 워싱차렵침구세트Q,0,0,0,0,0,0,0,0,56,0,0,0,56
효재 동백 자수 광목 워싱차렵침구세트SS,0,0,0,0,0,0,0,0,56,0,0,0,56
(무)[한샘] 호텔식 레일 암막커튼 세트(대형),0,0,0,55,0,0,0,0,0,0,0,0,55
(무)[한샘] 호텔식 레일 암막커튼 세트(슈퍼특대형),0,0,0,55,0,0,0,0,0,0,0,0,55
(무)[한샘] 호텔식 레일 암막커튼 세트(중형),0,0,0,55,0,0,0,0,0,0,0,0,55
(무)[한샘] 호텔식 레일 암막커튼 세트(특대형),0,0,0,55,0,0,0,0,0,0,0,0,55
(일)[한샘] 호텔식 레일 암막커튼 세트(대형),0,0,0,55,0,0,0,0,0,0,0,0,55
(일)[한샘] 호텔식 레일 암막커튼 세트(슈퍼특대형),0,0,0,55,0,0,0,0,0,0,0,0,55
(일)[한샘] 호텔식 레일 암막커튼 세트(중형),0,0,0,55,0,0,0,0,0,0,0,0,55
(일)[한샘] 호텔식 레일 암막커튼 세트(특대형),0,0,0,55,0,0,0,0,0,0,0,0,55
남영비비안 로즈버드 듀얼윙 스킨 보정 브라패키지,0,0,0,0,0,0,55,0,0,0,0,0,55
웰스락 원터치 슬라이드 특허  밀폐용기세트,0,0,0,0,0,0,55,0,0,0,0,0,55
팜스프링스 19 SS 남성 여름 쿨팬츠 4종,0,0,0,0,0,0,55,0,0,0,0,0,55
팜스프링스 19 SS 여성 여름 쿨팬츠 4종,0,0,0,0,0,0,55,0,0,0,0,0,55
LSX라이크라 스포츠 브라팬티10종,0,0,0,0,0,53,0,0,0,0,0,0,53
댄스킨 매쉬 풀커버 쉐이핑 브라패키지,0,0,0,0,0,53,0,0,0,0,0,0,53
무이자 쿠진 통구이 스핀 바비큐 그릴,0,0,0,0,53,0,0,0,0,0,0,0,53
일시불 쿠진 통구이 스핀 바비큐 그릴,0,0,0,0,53,0,0,0,0,0,0,0,53
타운젠트 남성 스포츠팬츠3종,0,0,0,0,0,53,0,0,0,0,0,0,53
국내산 자숙찰골뱅이 7팩,0,0,0,0,0,0,0,0,0,0,0,40,40
오가닉뷰티 360도 노라인 코튼 브라세트,0,0,0,0,0,0,0,0,0,0,40,0,40
제주갈치고등어구이세트,0,0,0,0,0,0,0,0,0,0,40,0,40
[K-SWISS] 19F/W 남성 벤치코트,0,0,0,0,0,0,0,0,0,0,0,37,37
[K-SWISS] 19F/W 여성 벤치코트,0,0,0,0,0,0,0,0,0,0,0,37,37
더케이 예다함 상조서비스(티포트),37,0,0,0,0,0,0,0,0,0,0,0,37
영산포숙성 홍어 13팩,0,0,36,0,0,0,0,0,0,0,0,0,36
레이프릴 네추럴 쿨 쉐이핑 브라패키지,0,0,0,0,0,0,35,0,0,0,0,0,35
청정수산 완도활전복세트(20미+간장전복장2통),0,0,0,0,33,0,0,0,0,0,0,0,33
메이듀 남성 린넨 블렌디드 슬립온,0,0,0,0,0,32,0,0,0,0,0,0,32
메이듀 여성 린넨 블렌디드 슬립온,0,0,0,0,0,32,0,0,0,0,0,0,32
