,가구,가전,건강기능,농수축,생활용품,속옷,의류,이미용,잡화,주방,침구
0,보루네오,lg,종근당건강,8팩,일월,푸마,남성,남성기초세트,루이띠에,쿠쿠전기밥솥,보몽드
1,침대,tv,락토핏,국내산,온수매트,패키지,3종,비버리힐스폴로클럽,프라다,10인용,침구세트
2,led,울트라hd,생유산균골드,20팩,품안애,드로즈,여성,골드,18k,6인용,시어서커
3,유로탑,무이자,단하루,안동간고등어,ev,브라팬티,swiss,2018fw골드,소가죽,일시불,리플
4,멀티수납형,일시불,석류,손질,선일금고,드라이셀,뱅뱅,기초세트,코치,무이자,샐비어
5,삼익가구,삼성,루테인,20kg,시리즈,트렁크,썸머,지이링클,삭루츠,쿠첸,자수
6,소파,에어컨,농부의,멋진밥상,이볼브,심리스,헤스티지,참존,월드컵,압력밥솥,엘사
7,천연소가죽,lg전자,닥터,흥양농협,노비타,오모떼,마르엘라로사티,탑뉴스,여성,a1,ss
8,피올레,냉장고,뉴트리원,aab의,비데,10,데님팬츠,콜라겐,가이거,풀스텐,sk
9,서랍형,uhd,다이어트,800g,무선,4종,19,엘렌실라,토트백,qs,슈퍼킹
10,제니비,매직스페이스,구미,소곱창전골,무이자,레이스,nnf,플라,남성,대용량,더블착번극세사
11,루나,세탁기,정직한,유귀열의,일시불,컬럼비아,cerini,vonin,베르니아,스텐,카밀라
12,led침대,통돌이,100,피시원,2019년,에버라스트,pat,보닌,크로스백,가스레인지,토퍼침구세트
13,루나시즌2,65uk6800hnc,슈퍼,귀한,무료설치,헤드,2종,선크림,숄더백,린나이,효재
14,슈퍼싱글,55uk6800hnc,무이자,손질갑오징어,싱글,레이프릴,4종,플라센타아이크림,2종,자동불꽃조절,소프트플란넬
15,3인용,휘센,일시불,7팩,예초기,라이크라,임페리얼,에스까르고에센스,다이아몬드,신제품,슈퍼싱글
16,4인용,70uk7400kna,4박스,9팩,충전식,풍기인견,by,커버쿠션,워치,분쇄믹서기,광목
17,수납형,노트북,아이클리어,모시떡,타이거,리복,롱코트,실크테라피,도스문도스,올리고,착번아웃
18,어블러,nt900x5j,직매입,영광,020,코튼,보코,에센스,엠보,프리미엄형,카페트
19,ss,메탈,프리바이오틱스,11팩,040,쉐이핑,밍크,네오젠,카이만,19년,헤르만
20,멀티,씽큐,석류즙,녹용도가니탕,카페트매트,아키,uspa,리프트,팔찌,한일,극세사
21,6인용,75uk6200knb,5박스,임성근의,스마트,10종,2019,링클,목걸이,에어프라이어,워싱
22,한샘,벽걸이에어컨,90봉,동부기피70개,바로바로,쿠미투니카,그렉노먼,에이지큐어,선글라스,에코라믹,순면60수
23,장수흙침대,대우전자,무농약레드비트즙,손질문어,에너지세이브,12종,폴로셔츠,원미닛,트레킹화,냄비세트,피그먼트워싱
24,2m,캐리어,84포,총6kg,국내제조,카파,크리스티나앤코,스포메틱스,2019,스톤,레일
25,붙박이장,벽걸이,루비,청정수산,리빙박스,풀커버,팬츠,립스틱,아가타,통주물,암막커튼
26,hg,2in1형,오메가3,자연산,뉴스파,파이로라이트,휘메일,패키지,순금,파뷔에,엘리
27,실버슬림,k14,착즙한,포기김치,무선청소기,라쉬반,패딩,마리끌레르,1종,2구,클라라
28,내추럴,k28,통째로,완도활전복,1개,프레쉬,헤비추얼,파리컬렉션,샌들,3구,호텔식
29,장수,fq17v9kwa2,리얼착즙석류,깐깐송도순,온열매트,동내의,티셔츠,하이드로,워킹화,매직쉐프,세트
30,하이바스,스탠드형fq17v9kwa1,백a1,갓김치3kg,순면,3종,니트,오리지널,백팩,가스와이드그릴레인지,한샘
31,흙카우치,55um7900bna,한삼인순홍삼진7박스,양념,파격가,롱드로즈,컬렉션,아미니,사첼백,crp,광목워싱
32,화이트,고급형,120포,고칼슘검은콩두유48팩,배터리,7종,풀스킨,비노테라,칼리베이직,fs,셔닐
33,싱글,기본형,양배추진액,두유48팩,싱글사이즈,9종,양가죽,오일,테스토,qs107fg,특대형
34,클래식,6형,유기,통오징어,더블,런닝,트랙수트,워시,러닝화,세트,페르시안스타일
35,모데나,7형,제주농장,호두아몬드,코이모,언더셔츠,5종,라라츄,에디션,ih,한빛
36,슬라이딩,arc06nqt,광동제약,21미,교자상,블랙에디션,테이트,바바코코,세트,가스와이드그릴,화원
37,가죽,arc07vbc,플러스,110장,노송가구,cell,팬츠3종,아이브로우,골드바,프라이팬,대형
38,서랍장,65um7900bna,뉴질랜드,옛날,비취,8종,베스트,젤네일스트립,블랙,에지리,대자리
39,광폭,75um7900bna,초록입홍합,쥐포,제이드,dry,코몽트,틴트,1g,도냄,동백
40,레스토닉,위너,착즙,풀세트,물걸레,란쥬,ss트레이닝,리얼,반지,스텐큐브,러그
41,서랍,75uk7400kna,파워,35미,세트,레깅스,대동모피,샤이닝,핸드백,쿠쿠,리앤
42,리클라이너,doz,프로메가,총각김치3kg,970,inno,1종,달팽이크림,골드,키친플라워,리앤코리아
43,보령황토,s06jk,3병,the,kmd,에디션,세트,콜라겐5,그레이스,간편쿡,안지
44,이조농방,s10jk,53주분,햅쌀,롤링마사지기,델타,마리노블,팩트3,여행가방,후라이팬,청풍
45,키큰장,un55nu7050f,리얼니파팜,손질갈치,메디컬드림,브라,아웃도어,샴푸,체인,전기밥솥,순면
46,블루투스,un65nu7050f,미니100,현대어찬,킹사이즈,브라탑,데님,트리플,슬립온,멀티쿡,점보특대형
47,심플,un75nu7050f,블랙모어스,갈비탕,8종,까메리노,자켓,쿠션시즌1,aad,클란츠,중형
48,프리미엄,70uk6800hnc,아임파인,2kg,니봇,로베르타,후드코트,그린,1a클라쎄,락앤락,헤링본
49,5단,스탠드,안국루테인,10kg,로봇청소기,피트니스,스트레치,set,마르티니,블랙스톤,볼륨
50,기본형,un55nu7010fxkr,알티지,소들녘,퀸사이즈,치마레깅스,19fall,마스카라,알비에로,전자레인지,슈퍼특대형
51,시공패키지,무풍슬림,콜라겐3,하늘내린,점보형,데오브라,밴딩팬츠,속눈썹세트,리얼카이만,플랫타입,워싱차렵침구세트k
52,이누스바스,un65nu7010fxkr,해죽순,궁중,자동,베이스레이어,릴렉스,썬스틱7,악어,해피콜,워싱차렵침구세트q
53,흙침대,un75nu7010fxkr,리얼,200미,1세트,프런트후크,코트,아이앤아이,안드레아바나,5l,워싱차렵침구세트ss
54,800,2in1,350포,8kg,진공,106차,라쿤양가죽,에너지,3종,디지털,NaN
55,뉴퍼스티지r,fq17v8wwj2,96팩,동태포,디비노,남성,엘레나,퀵래쉬,트레스패스,팬지,NaN
56,델라,김치냉장고,s산,손질새우,점보특대형,여성,콤비,구성1,비텔로,1세트,NaN
57,페이지,딤채,검은콩,갑오징어,중형,옴니위크,8월,구성2,에펨,10리터,NaN
58,하부장,에어컨tdoz,경남제약,100개,도어락,7세트,그레이스,쑥클렌져,피닉스,듀얼쿡,NaN
59,하부장형,tr14wk1,두유,검정깨30개,밀레,옴니히트,페플럼제이,코즈미,크로스바디백,항균도마,NaN
60,원목,공기청정기,레모나,10팩,얼리젼,퍼융기모,ss,new프리미엄,플랫슈즈1종,대형,NaN
61,퀸사이즈,초특가,베지밀,하림,자미코코,히트융,수트,트리트먼트,켈시,아이넥스,NaN
62,마리노,tdoz,이롬,90개,푸쉬풀,브라세트,블렌딩,rx,구찌,유로오븐글라스,NaN
63,베드룸,화이트,특집,검정깨20개,청소기,원피스,스튜디오럭스,더블모,시그니처,냄비,NaN
64,유캐슬,무풍클래식,황성주1일1생식,찰보리식혜,선글라스,란쥬패키지,남성집업재킷,더블쿠션,ryn,모즈,NaN
65,프레임,코드제로,12주,닭발,센스하우스,6종,마론,미바,주얼리,초특가,NaN
66,협탁,af16r5773wsk,3박스,손질꽃게,벨라홈,7월,아리스토우,어성초,레코바,무이자쿠첸압력밥솥,NaN
67,1000,af16r5773wsr,bnr17,영산포숙성,900,스피드윅,남성에어핏트랙수트,이온칼슘,스니커즈,일시불쿠첸압력밥솥,NaN
68,화장대,wa14n6781tg,모유유래,백김치,bkh,극세사,여성에어핏트랙수트,네츄럴,슬리퍼,스텐밀폐용기,NaN
69,3단,냉장고rs82m6000s8,비에날씬,손질왕꼬막,견인기기,시즌3,쉬폰,추가,에어러닝화,키친아트,NaN
70,tc100,세탁기14kg,유산균,우리바다,까사마루,14종,화이트라벨,파운데이션,주얼리3종,행주티슈,NaN
71,tq100,엑티브워시,한국인,세트,매트릭스,풀컵,19fw,2019리뉴얼,콘체르토,가마솥,NaN
72,ts100,유로피안,6박스,24팩,메디쉴드,뷰티플렉스,구스다운,닥터스오더,썸덱스,싱크선반,NaN
73,리클라이닝,홈멀티,스페셜,대구,에어포스,벨레즈온,젠트웰,부스터,에트로,올스텐,NaN
74,카우치소파,4도어,12개월분,매운탕,3단,브라캡,패션밍크,자올,여성백,진공,NaN
75,흙카우치소파,건조기,12박스,메주세트,초특가,노와이어,후드,탈모,tq12,멀티,NaN
76,매트리스,무선청소기,3300,선재,lg생활건강,실크트리,터틀넥,단하루,tq55,미니오븐,NaN
77,싱글사이즈,청소기,3개월,전통,다리미,언더탑,더블유베일,블링썸,베네트,커피머신,NaN
78,set,fq17v8wwj1,6개월,천수봉명인,스팀,몬테밀라노,롱패딩,빗살,시즌,노와,NaN
79,벨라홈,fq17v9wwa1,네페르티티,3kg,테팔,무빙,본딩팬츠,뿌리펌,자카드,만능,NaN
80,세트1,r46rim,레드빈,무침3통,4단,웜셀,쿨라이프,이지앤퀵,탑핸들,에디션,NaN
81,세트2,un65ru7150fxkr,모나코,바다장어,논슬립,퓨징,남성pk티셔츠4종,클린샤워,토트,텀블러,NaN
82,침실가구,로보킹,베리솔,사용불가미리구운,다이아,크로커다일,여성pk티셔츠4종,파시노,패브릭,구스터,NaN
83,_화장대,터보,빨강,홍어8팩,듀얼,초특가,카라,1001,오델로,살균건조기풀세트,NaN
84,거실장,퓨리케어,여자를,400g,문어발,남영비비안,기모,ts샴푸,귀걸이,세균싹,NaN
85,거울,tvun55ru7150fxkr,위한,용대리황태10마리,반신욕기,1차,아동,ts샴푸세트,까메리노,쿠진나이프케어,NaN
86,매트리스x,tvun75ru7150fxkr,전립쎈,누룽지삼계탕,빠르카,와이드,리버시블,선스틱,로베르타,티포트,NaN
87,매트리스포함,15z980,전지현,능이,샤워기,보정팬티,밍크코트,슈퍼선스틱,다이얼락,크로커다일,NaN
88,세트3,15인치,티톡,바다먹자,세렌셉템버,컬렉션,반팔,에이유플러스,다이얼워킹화세트,다지기,NaN
89,실속세트,dwr,팥물,제주,스피드랙,오가닉뷰티,위켄드,리뉴얼,방한화,식기건조대,NaN
90,화장대세트,fq19v9kwa2,프라임,6팩,압축팩,4세트,폭스퍼구스다운,쇼퍼백,엘리자베스아덴,프리미엄,NaN
91,풀세트,rh81r8011g2,유기농,7분,올바로,캐리어,하이넥,뉴웨이,여성용,밀폐용기세트,NaN
92,NaN,국민tv,콜라겐,제주바다,옷걸이,레알마드리드,블라우스,달바,웨이,프라이팬세트,NaN
93,NaN,그램,비타민d,130개,접이식,23차,소프트,리얼핏,제니스시계,프로피쿡,NaN
94,NaN,더블팩,이경제의,200g,중외신약,뉴아키,uspa화이트라벨,모이스춰라이징,주얼리세트,비스프리,NaN
95,NaN,미니건조기,시즌2,검정깨50개,체크,하이웨스트,와이드데님팬츠,볼륨브러쉬,호보백,온더테이블,NaN
96,NaN,블루스카이,12주분,김정문의,킹스스파,브라패키지,어반,선쿠션,히트,티메이커,NaN
97,NaN,스탠드형fq19v9kwa1,3일분,동부기피80개,통증패치,오가닉,폭스,세럼,19,하이브리드,NaN
98,NaN,싱큐,50포,명품다시팩,편백,지퍼브라팬티,디즈니,스칼프솔루션,남성용,스마트뷰,NaN
99,NaN,푸드쇼케이스,6개월분,섬진강,모리츠,팬티세트,디키즈,아이스타일러set,무이자,라니,NaN
100,NaN,홈멀티에어컨,6일분,용대리황태10미,서큘레이터,데일리,셔츠,아쿠아클린,일시불,매직핸즈,NaN
101,NaN,5도어,8박스,재첩국,라이트,4종세트,캐시라이크,엘로엘,에어,믹서를,NaN
102,NaN,9kg,8주분,천연담아,더블사이즈,8월,캐시터치,이데베논앰플,aaa,법랑,NaN
103,NaN,h9000,fos,12팩,에어,지퍼쉐이핑,트렌치재킷,인텐시브,생쥴랑,세균잡는,NaN
104,NaN,lg트롬,광동,명인,베이직,란체티,풀코디,코코넛크림,3종세트,쓰임,NaN
105,NaN,rh81m8011s9,더블24주분,la갈비,1083p,머슬,스프링,코튼플러스,4종,아이오,NaN
106,NaN,vc44m3150lb,밀싹,꽃게,실크단열벽지,시즌4,7종,쿠션,10종세트,인덕션레인지,NaN
107,NaN,스탠드에어컨,분말,낙지,발렌티노루디,융기모,시그니처,클렌징패드,아쿠아트레킹화,진공포장기,NaN
108,NaN,파워모션,비비랩,바다,필터,히팅,알렉스하운드,트러플,크로스,칼세트,NaN
109,NaN,t9000,생유산균,숙성,2세트,랜덤2세트추가,앙상블,퍼스트,트로이카,컬링스톤프라이팬세트,NaN
110,NaN,03iddc,서울대,양념장,kf94,런닝형,메쉬,프리미엄,겨울모자,클레린,NaN
111,NaN,03idwh,신바이오틱스,연포탕,1종,이지탑,덤블,마스크,13g,퍼니쿡,NaN
112,NaN,14kg,장건강엔,영산포,105매,퍼펙트클린,플리스,화이트,러브,프랑스직수입,NaN
113,NaN,7000,전용보틀,육수,12,보정,기능성,무이자,신디스틱,그릴,NaN
114,NaN,a930,철갑상어,절단,5m,11종,기모티셔츠세트,일시불,앵클부츠1종,벨라홈,NaN
115,NaN,a938ra,클렌즈,홍어회,600,스트레치,맥코트,10분,숄더,풀세트,NaN
116,NaN,a940,티젠,열무김치3kg,굿프렌드,팬티,본딩기모데님3종,ahc,시스마르스,ih후라이팬,NaN
117,NaN,a948sa,황제진액,26미,김병지,에어,스트레치팬츠,고데기,더블지퍼,스위스밀리터리,NaN
118,NaN,a950,히비스커스,갈치,까사마루행거,시그니처,이지라이프,고데롤,라지,테팔,NaN
119,NaN,a958ia,100포,100포,꽃상감,fc바로셀로나,트렌치,글로우,리스틀릿,품은,NaN
120,NaN,af17r7573wzk,레드비트,5kg,방역마스크,드로즈set,트렌치코트,더오리진,마스터,송도순의,NaN
121,NaN,af17r7573wzr,NaN,the귀한,센티멘탈,맥시풀커버,프린트티셔츠8종,데스트니,카이만엠보,8l,NaN
122,NaN,af19r7573wzr,NaN,中사이즈,스티커식,란쥬쉐이퍼,앙상블세트,라메종,펌프스1종,마호가니,NaN
123,NaN,ar1dk,NaN,강원도양구,실크벽지,5종,네이처,릴렉싱,트리플,솔리드,NaN
124,NaN,ar3dk,NaN,한우,온수,기능성,마모트,마스크팩,올인원,원목도마,NaN
125,NaN,as181daw,NaN,한판,월시스,리뉴얼,카라티셔츠,메디앤서,올데이슬립온,2세대,NaN
126,NaN,as281daw,NaN,8통,코일카매트,미라클쉐이핑,후드롱구스다운코트,생콜라겐,컬렉션,센스락무선진공포장기,NaN
127,NaN,ax40n3080dmd,NaN,김정배,크린조이,레이스멀티팬티,풍기인견,셀프뿌리퍼머,tq11,에버홈,NaN
128,NaN,ax80r7580wdd,NaN,무료체험1팩,타퍼,쉐이퍼,exr,스킨케어링,tq18,진공쿠킹블렌더,NaN
129,NaN,복합기,NaN,소한마리찜,폴더블,6종패키지,디보티,스프레이,tq48,초고속,NaN
130,NaN,삼성노트북,NaN,젓갈세트,풀확장,레이시,릴렉스팬츠,시크릿,tq49,하우홈,NaN
131,NaN,선풍기,NaN,완도꼬마활전복,헤어드라이어기,번아웃,스텔라테일러,시크릿뮤즈,더플백,홈밀맷돌,NaN
132,NaN,스피커,NaN,aae,황사,란쥬세트,썸머플리츠세트,아이라이너,버켓,20종,NaN
133,NaN,싱글팩,NaN,곰탕,추가,12세트,여름,에이온에이,사첼,am마카롱,NaN
134,NaN,국내제조,NaN,13팩,헤링본,거들팬티,이동수골프,커버팩트,엠마,로벤탈,NaN
135,NaN,lg스타일러,NaN,이봉원,2단,발란스테크,패딩코트세트,컨시크,크로스바디,세라맥스,NaN
136,NaN,rf84r9003s8,NaN,19년,800,복부,패딩트랙수트세트,컬러마크,투웨이,원적외선,NaN
137,NaN,rf84r9203s8,NaN,12팩세트,매트리스,코르셋,ars,크림세트,펌프스,전기렌인지,NaN
138,NaN,삼성5도어냉장고,NaN,4kg,30매x9박스,오렐리안,set,톤커버크림,플라이트백,2세트,NaN
139,NaN,의류관리기,NaN,소갈비살구이,all,96차,라라쎄,풋케어,골든,항균,NaN
140,NaN,16kg,NaN,우삽겹,lp턴테이블,더블보정,롤업재킷,피부약방,글로스,포터블,NaN
141,NaN,a978sa,NaN,이보은의,slt,조끼형,메시제이,헤어볼륨쿠션,체인지,4종,NaN
142,NaN,af19r7573wzk,NaN,전철우,사운드룩,시즌2,퀼팅코트,더블,18g,17팩,NaN
143,NaN,akor,NaN,참조기,올바로바른자세밴드,warm,통풍,싱글,35g,2019년형,NaN
144,NaN,dv90m53b0qp,NaN,홍어,진공청소기,y밸런스업,퍼베스트,풀패키지,바디,26팩,NaN
145,NaN,dv90m53b0qv,NaN,3수,테크,골드라벨,6종,플러스,지오맵,4l,NaN
146,NaN,dv90m53b0qw,NaN,60개,파워스윙,브라탑패키지,가디건세트,볼륨,테일,cov,NaN
147,NaN,k34w,NaN,aac,한장빨래,올레이스,레이스,살롱클리닉,18k코코,i230kgf,NaN
148,NaN,k38b,NaN,간편시래기,화이트업,티셔츠형,에어,헤어컬러크림세트,192,pn풍년꾸노죽제조기,NaN
149,NaN,nt550ebe,NaN,간편시래기15팩,6종,퍼치마레깅스,간절기,NaN,24,글라스락,NaN
150,NaN,rh14vn,NaN,강정바,60매,소노르,남성기모티셔츠5종,NaN,tq35,기본세트,NaN
151,NaN,rh14wn,NaN,그때,700,360도,레드캠프,NaN,목걸이팔찌,대용량에어프라이어,NaN
152,NaN,rh16wn,NaN,김규흔의,bw,dell,멀티웨어,NaN,아르테사노,마늘박피,NaN
153,NaN,wa14r6360bg,NaN,김선영,김병만의,실크플러스,무스탕,NaN,천연다이아,마이베비,NaN
154,NaN,공청기,NaN,김천,빨래,이지웨어,배색,NaN,카이만악어,믹서기,NaN
155,NaN,미니,NaN,농협안심벌꿀,삶통,투홀릭,사파리재킷,NaN,프로푸미,보온보냉,NaN
156,NaN,북5,NaN,들깨,코지마,웜기모,스웨터,NaN,더블g,세일,NaN
157,NaN,북5nt550ebe,NaN,무료체험5개,화이트,로즈버드,에스닉,NaN,스프리스,슬라이더,NaN
158,NaN,블랙케비어,NaN,무침,1083pr,크루즈,에어윈디,NaN,오버,시그니처플러스,NaN
159,NaN,스탠드에어컨af19r7573wzk,NaN,배추김치,1보국미니히터,by,쿨라이트,NaN,역시즌,오슬로,NaN
160,NaN,실버,NaN,본죽,20m,퍼펙트,티블라우스,NaN,gg,이지엔,NaN
161,NaN,워블,NaN,비가린,30m,텐션업,팜스프링스,NaN,구름,지퍼백,NaN
162,NaN,이녹스실버,NaN,샤인머스켓,bcs,15종,오렐리안,NaN,남성러닝화,참소쿠리,NaN
163,NaN,휴대용,NaN,쇠고기,거미손,6차,원피스,NaN,뉴웨이브,캔틴,NaN
164,NaN,1세트,NaN,시래기,굿터치클리너,dream,벤치코트,NaN,레노마,쿠첸인버터전자레인지,NaN
165,NaN,2세트,NaN,영양,데시벨,fit,컴포트,NaN,레터링,텀블러블랜더,NaN
166,NaN,5벌,NaN,오렌지,레스트업,뉴트로,나파,NaN,메디아글램,휴롬,NaN
167,NaN,ax34r3020wwd,NaN,이정섭의,매트,데오,밍크하프코트,NaN,무빙스타,기본형,NaN
168,NaN,s5bb,NaN,장조림,멀티행거,서포트,엔셀라두스,NaN,버버리,뉴욕맘,NaN
169,NaN,s831sn75,NaN,정성한끼,밸런스파워,스킨핏,코펜하겐럭스,NaN,버킷백,고급형,NaN
170,NaN,노크온,NaN,카라카라,블랙박스,에센셜,쿨썸머,NaN,샌들세트,스마트,NaN
171,NaN,삼성카드,NaN,캘리포니아,블루콤,에어핏,이지웨어세트,NaN,씨마,3종세트,NaN
172,NaN,시카고커트러리5p세트,NaN,특大손질갑오징어,블루투스이어폰,주니어,2종세트,NaN,여성러닝화,new,NaN
173,NaN,6월,NaN,특등급,숀리,컴포트앤핏,패키지,NaN,인터로킹,뱀부,NaN
174,NaN,un55ru7150fxkr,NaN,갈비살구이,수액패치,트리플커버,기모티셔츠6종,NaN,클러치백,블렌더,NaN
175,NaN,un75ru7150fxkr,NaN,안창살,수퍼나인,프리컷,로브앙상블세트,NaN,투웨이백,9종,NaN
176,NaN,NaN,NaN,오세득,스쿼트머신,홈웨어세트,롱블라우스3종,NaN,폼폼이,국내제조,NaN
177,NaN,NaN,NaN,6박스,실크단열벽지10m,시즌5,루즈,NaN,샤이닝,플러스,NaN
178,NaN,NaN,NaN,3종,오디오,썸머,메쉬티셔츠,NaN,14k,더온,NaN
179,NaN,NaN,NaN,정직한,온열,3세트,스타디움,NaN,기라로쉬,보온병세트,NaN
180,NaN,NaN,NaN,10봉,올뉴,5세트,원더,NaN,메신저,세라믹,NaN
181,NaN,NaN,NaN,13봉,의자,베르사유,윈드브레이커1종,NaN,미네타,실버팬,NaN
182,NaN,NaN,NaN,1kg,캐치온,이너웨어,캐주얼,NaN,스트랩슬립온,에코바이런,NaN
183,NaN,NaN,NaN,30개,테이블,프리무빙,퀼팅,NaN,아이비,캄포도마,NaN
184,NaN,NaN,NaN,30봉,플래티늄,하이웨이스트팬티,퀼팅롱코트,NaN,앤디,호주,NaN
185,NaN,NaN,NaN,36미,마스크,황후의코르셋,퀼팅자켓,NaN,웨지,데일리,NaN
186,NaN,NaN,NaN,4병,한일,레이스홀릭,패딩팬츠,NaN,주얼,4in1,NaN
187,NaN,NaN,NaN,가자미,2종세트,메쉬,풀오버,NaN,플렉시블,가스그릴,NaN
188,NaN,NaN,NaN,마늘양파듬뿍삼계탕,new,모달,플렉스,NaN,썸머,델첸,NaN
189,NaN,NaN,NaN,맛있는,대형,2종,역시즌,NaN,모터백,드럼쿡,NaN
190,NaN,NaN,NaN,창녕,2way,new,남성이너티셔츠5종,NaN,컬러풀에디션,목화솜행주,NaN
191,NaN,NaN,NaN,천혜향1박스,고밀도,bbc,여성이너티셔츠5종,NaN,리얼,안타고,NaN
192,NaN,NaN,NaN,치마살,국내제작,izumi,3종세트,NaN,dior,오스터,NaN
193,NaN,NaN,NaN,한라봉2박스,꿀잠,감탄,19f,NaN,sideral,전기식,NaN
194,NaN,NaN,NaN,20미,뉴청맥,레이스런닝,6월,NaN,글로리아,해피,NaN
195,NaN,NaN,NaN,고등어,단열벽지,맥시,윈터,NaN,듀엣,회전통그릴,NaN
196,NaN,NaN,NaN,10포,도루코,머스트해브,남성약기모팬츠3종,NaN,방한,국내산,NaN
197,NaN,NaN,NaN,120봉,디퓨저골드,미들,더블페이스,NaN,보헤미안,스페셜,NaN
198,NaN,NaN,NaN,13박스,디퓨저골드패키지,바스트,린넨블랜딩,NaN,생줄랑,원목,NaN
199,NaN,NaN,NaN,18팩,따스림,보정런닝,반팔스웻티셔츠,NaN,아르니카,원터치,NaN
200,NaN,NaN,NaN,1등급,레어,브라렛,앱할인,NaN,아일렛,16조,NaN
201,NaN,NaN,NaN,20봉,롤업,액티브,에코무스탕1종,NaN,카메라,27p,NaN
202,NaN,NaN,NaN,21,메모리폼,에어홀릭,오가닉티셔츠6종,NaN,트윙클,4인,NaN
203,NaN,NaN,NaN,2미,바두기,웜웨어,오가닉티셔츠8종,NaN,팔찌반지,4조,NaN
204,NaN,NaN,NaN,2병,바리캉,지퍼란쥬,쿠션재킷,NaN,패딩슈즈,8조,NaN
205,NaN,NaN,NaN,2팩,붙이는,쿨메쉬,패딩점퍼,NaN,플로쥬,도깨비그릴,NaN
206,NaN,NaN,NaN,31봉,브라이트,홈웨어,남성스포츠,NaN,지퍼,두꺼비,NaN
207,NaN,NaN,NaN,3대세트,소형,브라팬티10종,양모,NaN,코트,디너세트,NaN
208,NaN,NaN,NaN,6통,스칸디나비아,니트,와이드,NaN,미란다백,뚝배기,NaN
209,NaN,NaN,NaN,80g,시트,파운데이션,2018,NaN,보스턴,램프쿡,NaN
210,NaN,NaN,NaN,spc삼립,실크,3종세트,gqe772,NaN,사피아노,마리벨,NaN
211,NaN,NaN,NaN,大사이즈,에어볼륨,기모,gqe774,NaN,스퀘어백,매직,NaN
212,NaN,NaN,NaN,감말랭이,일체형,16차,gqe776,NaN,아쿠아마레,멀티쿠커,NaN
213,NaN,NaN,NaN,갓김치4kg,전등,19ss,kqe251,NaN,인피니티러브,멀티포트,NaN
214,NaN,NaN,NaN,거창특등급사과,체어,6종세트,kqe253,NaN,베이직,멀티핸즈,NaN
215,NaN,NaN,NaN,고구마,트라이,cd19차,kqe255,NaN,9종세트,모던,NaN
216,NaN,NaN,NaN,고창,파로마,감탄브라,pk,NaN,merci,보냉보온,NaN
217,NaN,NaN,NaN,고춧가루,퍼퓸드몽드,긴팔형,남녀,NaN,노리타,볼토,NaN
218,NaN,NaN,NaN,곡물그대로,페이스5,끈형,덕다운롱코트,NaN,메르시,블랙우드,NaN
219,NaN,NaN,NaN,과메기,한솔,남아,레나,NaN,모자,비앙코,NaN
220,NaN,NaN,NaN,광어,공구,드라이셀라인,로이몬스터,NaN,스카프,쁘띠2,NaN
221,NaN,NaN,NaN,구룡포,달인,발레리,루이바셋,NaN,아웃라인,살균블럭,NaN
222,NaN,NaN,NaN,구워만든,코튼데이,복합구성,릴리젼,NaN,엘르,서장훈의,NaN
223,NaN,NaN,NaN,냉동,5세트,스킨구성,멀티패키지,NaN,클레오,셀렉프로,NaN
224,NaN,NaN,NaN,농협,led,에어스킨,벤치후드롱패딩,NaN,토트백세트,셰프웨이,NaN
225,NaN,NaN,NaN,대학,건조기,여아,세미와이드팬츠,NaN,파일백,순면100,NaN
226,NaN,NaN,NaN,더커진거창특등급사과,릴렉스,컴포트핏,스테디움점퍼세트,NaN,15g,스마트코너,NaN
227,NaN,NaN,NaN,도라지,160,쿨란쥬,실켓티블라우스5종,NaN,머플러,아르마이드,NaN
228,NaN,NaN,NaN,머리,cbp,편안한,아스킨,NaN,미라클,에델코첸,NaN
229,NaN,NaN,NaN,목우촌,손목형,레이어,아이스,NaN,샤인클로버,엑슬,NaN
230,NaN,NaN,NaN,무료체험1봉,자동전자,이지웨어세트,어반시크릿,NaN,스퀘어,유리밀폐용기,NaN
231,NaN,NaN,NaN,뽕셰프,혈압계,풀코디,웜테크,NaN,장지갑,유리밀폐용기세트,NaN
232,NaN,NaN,NaN,산돌배즙,유기농,the,유리진,NaN,프리다,자동회전냄비,NaN
233,NaN,NaN,NaN,생새우,01w,컴포트,이너티셔츠,NaN,8종,착즙기,NaN
234,NaN,NaN,NaN,생선,100매,프리미엄,코튼블렌딩,NaN,25g,초고속블렌더,NaN
235,NaN,NaN,NaN,선식,10미터,360커브드,크롭,NaN,gg플랩,카세로,NaN
236,NaN,NaN,NaN,수산물,1ch,fw,타운젠트,NaN,남성19ss,칼도마,NaN
237,NaN,NaN,NaN,수협,1롤,fw리뉴얼,티셔츠세트,NaN,다이얼,칼블럭7종,NaN
238,NaN,NaN,NaN,쉐이커통,2ch,기모런닝,폭스퍼후드,NaN,드로잉,컬러스텐냄비,NaN
239,NaN,NaN,NaN,슬로푸드,2롤,더블엑스,레이어,NaN,라일라,퀵스퀴저,NaN
240,NaN,NaN,NaN,식탁앤김,2인,드레스핏,린넨,NaN,마이크로,키친툴7종,NaN
241,NaN,NaN,NaN,신안생물,3롤,루시헨느,모달,NaN,마이클코어스,텀블러세트,NaN
242,NaN,NaN,NaN,예천청결,5080pro,리얼스킨,덕다운,NaN,마일드,투인원,NaN
243,NaN,NaN,NaN,오리로스,50매,매직니퍼팬티,르까프,NaN,메디오백,파스텔,NaN
244,NaN,NaN,NaN,오이소박이2kg,7080bt,브래팬티10종,셀린니트3종,NaN,미듐,퍼플,NaN
245,NaN,NaN,NaN,옥돔,84매,숏츠,트랙,NaN,미들퍼부츠,퍼플클래식,NaN
246,NaN,NaN,NaN,옥수수,a7,수피마,핫멜트,NaN,미아,핑크,NaN
247,NaN,NaN,NaN,완도산,good,스킨컬렉션,4종세트,NaN,밀덴홀,홈세트,NaN
248,NaN,NaN,NaN,우소,ln,에어로웜,기모본딩팬츠,NaN,버킷,휴롬퀵스퀴저,NaN
249,NaN,NaN,NaN,유기농처음매실원액,s1000,에어리라이트,남성맨투맨,NaN,스몰,클래식,NaN
250,NaN,NaN,NaN,이경제원장의,거름통,완벽더블,라운지웨어세트,NaN,양산,양면,NaN
251,NaN,NaN,NaN,자이언트킹랍스터,경추베개,프론트,롱베스트,NaN,여성19ss트레킹화,17종,NaN
252,NaN,NaN,NaN,점보1미,고기능,홀리데이,롱패딩1종,NaN,울실크,cube,NaN
253,NaN,NaN,NaN,참굴,고농축,황후의,마담팰리스,NaN,인피니티,rpm,NaN
254,NaN,NaN,NaN,청도,굿템,후크,마카롱,NaN,장갑,sk매직,NaN
255,NaN,NaN,NaN,크래커,낚시세트,히트모,성인,NaN,제니스,국내생산,NaN
256,NaN,NaN,NaN,통영바다의보물,노즈케어,남성용,여성맨투맨,NaN,체인숄더백,냄비후라이팬,NaN
257,NaN,NaN,NaN,특갈비탕,뉴헤어드라이어기,여성용,정장팬츠3종,NaN,페이톤,리큅,NaN
258,NaN,NaN,NaN,포항,대웅모닝컴,지퍼,집업니트4종,NaN,헤라,바비큐,NaN
259,NaN,NaN,NaN,하동,뚜러킹,코몽트,웜기모,NaN,홀스페리,블랜더,NaN
260,NaN,NaN,NaN,한우소머리,럭셔리,라이트,이너티셔츠6종,NaN,부츠1종,스텐락,NaN
261,NaN,NaN,NaN,한우소머리양곰탕,레드,리얼,기모데님3종,NaN,소프트퍼슈즈1종,스핀,NaN
262,NaN,NaN,NaN,한입,루미테라피,볼륨,남성기모티3종,NaN,11종,식기세척기,NaN
263,NaN,NaN,NaN,호빵,리모컨,노라인,남성기모티셔츠,NaN,2단,실리만,NaN
264,NaN,NaN,NaN,황토방,바로톡,쉐이핑차,남성오가닉티셔츠,NaN,라운드,중탕기,NaN
265,NaN,NaN,NaN,힘찬,방역용마스크,무이자,남성패딩재킷2종세트,NaN,소프트,직화그릴,NaN
266,NaN,NaN,NaN,100,배관청소용품,일시불,니트4종,NaN,양가죽,쿠진,NaN
267,NaN,NaN,NaN,120포,벤치,3차,니트웨어,NaN,양면,키친바흐,NaN
268,NaN,NaN,NaN,가격인하,보국미니히터,ars10,니트점퍼세트,NaN,에버라스트,터치온,NaN
269,NaN,NaN,NaN,골든,브람스안마의자,lsx라이크라,도네이,NaN,new컴포트,통구이,NaN
270,NaN,NaN,NaN,품은,샤프란아우라,댄스킨,디베이지,NaN,남성다이얼트레킹화세트,파워워시,NaN
271,NaN,NaN,NaN,40미,섬유유연제,듀얼윙,디태처블,NaN,베니스,홈쿠,NaN
272,NaN,NaN,NaN,굴비,스탠드선풍기2대,매쉬,리버시블재킷1종,NaN,여성다이얼트레킹화세트,심플,NaN
273,NaN,NaN,NaN,남해바다,스톰,밸런스업,맨투맨,NaN,캐쥬얼슈즈,시즌2,NaN
274,NaN,NaN,NaN,대장대,스트레칭,세일20,모크넥,NaN,윈터,한샘,NaN
275,NaN,NaN,NaN,병어,실속패키지,스킨,미즈,NaN,2종세트,x2싱크릴,NaN
276,NaN,NaN,NaN,손질왕꼬막살세트,싱크대,스포츠,아문센,NaN,4종세트,곰솥구성,NaN
277,NaN,NaN,NaN,영광군수협,씨엔지코리아,슬리머,액티비티,NaN,5종,곰팡이젤1개,NaN
278,NaN,NaN,NaN,홍어무침1통,안마,슬림라이트,약기모티,NaN,더블,곰팡이젤2개,NaN
279,NaN,NaN,NaN,감자탕,안마의자,어메이징핏,에르나벨,NaN,1493,김장용,NaN
280,NaN,NaN,NaN,통뼈,안전스틱,이너쇼츠,여성기모티3종,NaN,1495,담백한,NaN
281,NaN,NaN,NaN,11kg,알파,저스트마이사이즈,여성기모티셔츠,NaN,1e552,버블수세미200매,NaN
282,NaN,NaN,NaN,16인분,엔웰스황사방역마스크,풀커버리지,여성오가닉티셔츠,NaN,1h503,버블수세미400매,NaN
283,NaN,NaN,NaN,17,오딧세이,힐링,워터,NaN,1h898,베스트하임,NaN
284,NaN,NaN,NaN,18미,이지스,네추럴,점퍼,NaN,1h963,분리가능,NaN
285,NaN,NaN,NaN,1kg이상,자외선,하이서포트,체크배색,NaN,2388,블루,NaN
286,NaN,NaN,NaN,23팩,저출력광선조사기,헤스떼벨,코팅밴딩팬츠4종,NaN,2734,수세미,NaN
287,NaN,NaN,NaN,27팩,정글피싱,오리지널,쿨팬츠,NaN,2차,스텐용기,NaN
288,NaN,NaN,NaN,4개,제로,NaN,티셔츠5종,NaN,333,스페셜에디션,NaN
289,NaN,NaN,NaN,4봉,퀸메이드,NaN,티셔츠6종,NaN,8063,슬라이드,NaN
290,NaN,NaN,NaN,6팩세트,텐셀,NaN,퍼포먼스,NaN,뉴컬러,실바트,NaN
291,NaN,NaN,NaN,a4,페르소나,NaN,하드쉘,NaN,데이쿠션로퍼,양면그릴,NaN
292,NaN,NaN,NaN,강레오의,한세트,NaN,10종,NaN,바디숄더백,옥샘쿡,NaN
293,NaN,NaN,NaN,곤드레나물밥,히터,NaN,라운드,NaN,알마,우든후라이팬,NaN
294,NaN,NaN,NaN,곱창,히팅맘,NaN,오가닉,NaN,웨이스트백,웰스락,NaN
295,NaN,NaN,NaN,국내,a1,NaN,남성트랙수트,NaN,테일숄더백,인덕션,NaN
296,NaN,NaN,NaN,꼬리곰탕,면도기,NaN,여성트랙수트,NaN,메이듀,전골구성,NaN
297,NaN,NaN,NaN,낙곱새,올인원,NaN,데일리,NaN,제옥스,특허,NaN
298,NaN,NaN,NaN,단일,풀패키지,NaN,머스크랫,NaN,마스케라,하임,NaN
299,NaN,NaN,NaN,돼지왕구이,100bt,NaN,폭스카라,NaN,ss,후레쉬,NaN
300,NaN,NaN,NaN,든든한,20,NaN,11월,NaN,11,5종세트,NaN
301,NaN,NaN,NaN,듬뿍,20미터,NaN,19fw마리노블,NaN,37,가격인하,NaN
302,NaN,NaN,NaN,리얼국밥,3d매쉬,NaN,기모니트,NaN,41,그린,NaN
303,NaN,NaN,NaN,맛밤,4개입,NaN,기모밴딩팬츠3종,NaN,5g,베스트,NaN
304,NaN,NaN,NaN,머루원액,ok,NaN,기모집업니트3종,NaN,70g,1종,NaN
305,NaN,NaN,NaN,무료체험1팩포함,sr823,NaN,남성모크넥세트,NaN,75g,항균수세미,NaN
306,NaN,NaN,NaN,바다원,근육통완화,NaN,남성패딩코트1종,NaN,갈란테,NaN,NaN
307,NaN,NaN,NaN,밤양갱,기본구성,NaN,벨로아기모밴딩팬츠,NaN,골드링,NaN,NaN
308,NaN,NaN,NaN,볶음,냉수마찰,NaN,벨트롱코트,NaN,남성화,NaN,NaN
309,NaN,NaN,NaN,부각,동전패치,NaN,스포츠팬츠3종,NaN,도트펀칭,NaN,NaN
310,NaN,NaN,NaN,산머루농원,마사지기,NaN,썸머상하세트,NaN,레더,NaN,NaN
311,NaN,NaN,NaN,새꼬막,면도날,NaN,썸머숏팬츠3종,NaN,마술벨트,NaN,NaN
312,NaN,NaN,NaN,셰프의,무릎,NaN,아주아,NaN,바치,NaN,NaN
313,NaN,NaN,NaN,소스8팩,물매트,NaN,약기모,NaN,보석함,NaN,NaN
314,NaN,NaN,NaN,소한마리세트,수련,NaN,여성모크넥세트,NaN,세인트스코트,NaN,NaN
315,NaN,NaN,NaN,속초명물,엑사이더,NaN,울코트,NaN,소피아,NaN,NaN
316,NaN,NaN,NaN,순대,완벽더블구성,NaN,카타티셔츠,NaN,쉬룰,NaN,NaN
317,NaN,NaN,NaN,신세대,워킹머신,NaN,쿠션퍼자켓,NaN,아이템,NaN,NaN
318,NaN,NaN,NaN,아구채4팩,점보,NaN,퀼팅베스트,NaN,어반3종,NaN,NaN
319,NaN,NaN,NaN,아카시아꿀,차량용,NaN,크롬,NaN,얼티밋,NaN,NaN
320,NaN,NaN,NaN,야생화꿀,총30미터,NaN,터틀넥2종,NaN,에터,NaN,NaN
321,NaN,NaN,NaN,야채5봉,치약세트,NaN,터틀넥니트3종,NaN,여름모자,NaN,NaN
322,NaN,NaN,NaN,양태채2팩,특대,NaN,테일러드롱자켓1종,NaN,젯셋,NaN,NaN
323,NaN,NaN,NaN,완도매생이,핑크솔트,NaN,티셔츠4종,NaN,지오,NaN,NaN
324,NaN,NaN,NaN,우리나라,히말라야,NaN,판초니트4종,NaN,캐리올,NaN,NaN
325,NaN,NaN,NaN,이만기의,3세트,NaN,피치기모팬츠,NaN,투브릿지,NaN,NaN
326,NaN,NaN,NaN,잔다리,공기청정기,NaN,메이듀,NaN,퍼부츠,NaN,NaN
327,NaN,NaN,NaN,장보고,블루투스,NaN,코튼,NaN,헤라귀걸이,NaN,NaN
328,NaN,NaN,NaN,전골,포터블,NaN,풀패키지,NaN,면도기,NaN,NaN
329,NaN,NaN,NaN,전두부세트,화이트라벨,NaN,NaN,NaN,양모,NaN,NaN
330,NaN,NaN,NaN,조방할매,슈퍼싱글,NaN,NaN,NaN,퍼펙트,NaN,NaN
331,NaN,NaN,NaN,쥐포채2팩,전동공구세트,NaN,NaN,NaN,7종,NaN,NaN
332,NaN,NaN,NaN,최인선,스위스밀리터리,NaN,NaN,NaN,기능성,NaN,NaN
333,NaN,NaN,NaN,치킨스테이크,NaN,NaN,NaN,NaN,기모,NaN,NaN
334,NaN,NaN,NaN,콩국수,NaN,NaN,NaN,NaN,캐리어,NaN,NaN
335,NaN,NaN,NaN,탕요일,NaN,NaN,NaN,NaN,컴포트,NaN,NaN
336,NaN,NaN,NaN,티각태각,NaN,NaN,NaN,NaN,5종세트,NaN,NaN
337,NaN,NaN,NaN,팥8,NaN,NaN,NaN,NaN,쇼퍼백,NaN,NaN
338,NaN,NaN,NaN,팽현숙의,NaN,NaN,NaN,NaN,데일리,NaN,NaN
339,NaN,NaN,NaN,피꼬막,NaN,NaN,NaN,NaN,부츠,NaN,NaN
340,NaN,NaN,NaN,해물철판,NaN,NaN,NaN,NaN,블렌디드,NaN,NaN
341,NaN,NaN,NaN,혼합,NaN,NaN,NaN,NaN,어글리스니커즈,NaN,NaN
342,NaN,NaN,NaN,흑돼지구이,NaN,NaN,NaN,NaN,패딩슬립온,NaN,NaN
343,NaN,NaN,NaN,그릴,NaN,NaN,NaN,NaN,프리미엄,NaN,NaN
344,NaN,NaN,NaN,오리지널,NaN,NaN,NaN,NaN,가죽,NaN,NaN
345,NaN,NaN,NaN,6종,NaN,NaN,NaN,NaN,린넨,NaN,NaN
346,NaN,NaN,NaN,new,NaN,NaN,NaN,NaN,14k골드,NaN,NaN
347,NaN,NaN,NaN,간장전복장2통,NaN,NaN,NaN,NaN,robe,NaN,NaN
348,NaN,NaN,NaN,구이,NaN,NaN,NaN,NaN,골드파일,NaN,NaN
349,NaN,NaN,NaN,완도활전복세트,NaN,NaN,NaN,NaN,남성트레일화,NaN,NaN
350,NaN,NaN,NaN,자숙찰골뱅이,NaN,NaN,NaN,NaN,노벨라백,NaN,NaN
351,NaN,NaN,NaN,NaN,NaN,NaN,NaN,NaN,로베,NaN,NaN
352,NaN,NaN,NaN,NaN,NaN,NaN,NaN,NaN,카로,NaN,NaN
353,NaN,NaN,NaN,NaN,NaN,NaN,NaN,NaN,트레일화,NaN,NaN
354,NaN,NaN,NaN,NaN,NaN,NaN,NaN,NaN,ars,NaN,NaN
355,NaN,NaN,NaN,NaN,NaN,NaN,NaN,NaN,9종,NaN,NaN
356,NaN,NaN,NaN,NaN,NaN,NaN,NaN,NaN,베스트,NaN,NaN
357,NaN,NaN,NaN,NaN,NaN,NaN,NaN,NaN,3d,NaN,NaN
358,NaN,NaN,NaN,NaN,NaN,NaN,NaN,NaN,라이트숄더백,NaN,NaN
359,NaN,NaN,NaN,NaN,NaN,NaN,NaN,NaN,밍크니팅모자세트,NaN,NaN
360,NaN,NaN,NaN,NaN,NaN,NaN,NaN,NaN,밍크머플러세트,NaN,NaN
361,NaN,NaN,NaN,NaN,NaN,NaN,NaN,NaN,쁘띠,NaN,NaN
362,NaN,NaN,NaN,NaN,NaN,NaN,NaN,NaN,스톨라,NaN,NaN
363,NaN,NaN,NaN,NaN,NaN,NaN,NaN,NaN,울버튼,NaN,NaN
364,NaN,NaN,NaN,NaN,NaN,NaN,NaN,NaN,입체,NaN,NaN
365,NaN,NaN,NaN,NaN,NaN,NaN,NaN,NaN,집어라운드,NaN,NaN
366,NaN,NaN,NaN,NaN,NaN,NaN,NaN,NaN,총6종,NaN,NaN
367,NaN,NaN,NaN,NaN,NaN,NaN,NaN,NaN,케이프,NaN,NaN
368,NaN,NaN,NaN,NaN,NaN,NaN,NaN,NaN,피오레,NaN,NaN
369,NaN,NaN,NaN,NaN,NaN,NaN,NaN,NaN,아동,NaN,NaN
370,NaN,NaN,NaN,NaN,NaN,NaN,NaN,NaN,풀스킨,NaN,NaN
371,NaN,NaN,NaN,NaN,NaN,NaN,NaN,NaN,라이트,NaN,NaN
372,NaN,NaN,NaN,NaN,NaN,NaN,NaN,NaN,클래식,NaN,NaN
373,NaN,NaN,NaN,NaN,NaN,NaN,NaN,NaN,볼륨,NaN,NaN
